 <?xml version="1.0"?>
<skin version="1.0" name="TapePlayer" author="TapePlay">

	<settings>
		<setting name="backcolor" value="0x000000" />
		<setting name="frontcolor" value="0xececec" />
		<setting name="lightcolor" value="0xececec" />
		<setting name="screencolor" value="0x000000" />
	</settings>

	<components>
		<component name="controlbar">
			<settings>
				<setting name="margin" value="20" />
				<setting name="fontsize" value="12" />
				<setting name="fontcolor" value="0xFFFFFF" />
				<setting name="buttoncolor" value="0xececec" />
			</settings>

			<layout>
				<group position="left">
					<button name="play" />
					<divider name="divider" />
					<text name="elapsed" />
				</group>
				<group position="center">
					<slider name="time" />
				</group>
				<group position="right">
					<text name="duration" />
					<divider name="divider" />
					<button name="blank" />
					<divider name="divider" />
					<button name="fullscreen" />
					<divider name="divider" />
					<button name="mute" />
					<slider name="volume" />
				</group>
			</layout>

			<elements>
				<element name="background" src="background.png" />
				<element name="capLeft" src="capLeft.png" />
				<element name="capRight" src="capRight.png" />
				<element name="divider" src="divider.png" />
				<element name="blankButton" src="blankButton.png" />
				<element name="fullscreenButton" src="fullscreenButton.png" />
				<element name="fullscreenButtonOver" src="fullscreenButtonOver.png" />
				<element name="muteButton" src="muteButton.png" />
				<element name="muteButtonOver" src="muteButtonOver.png" />
				<element name="pauseButton" src="pauseButton.png" />
				<element name="pauseButtonOver" src="pauseButtonOver.png" />
				<element name="playButton" src="playButton.png" />
				<element name="playButtonOver" src="playButtonOver.png" />
				<element name="timeSliderBuffer" src="timeSliderBuffer.png" />
				<element name="timeSliderProgress" src="timeSliderProgress.png" />
				<element name="timeSliderRail" src="timeSliderRail.png" />
				<element name="timeSliderThumb" src="timeSliderThumb.png" />
				<element name="normalscreenButton" src="normalscreenButton.png" />
				<element name="normalscreenButtonOver" src="normalscreenButtonOver.png" />
				<element name="unmuteButton" src="unmuteButton.png" />
				<element name="unmuteButtonOver" src="unmuteButtonOver.png" />
				<element name="volumeSliderRail" src="volumeSliderRail.png" />
				<element name="volumeSliderBuffer" src="volumeSliderBuffer.png" />
				<element name="volumeSliderProgress" src="volumeSliderProgress.png" />
			</elements>
		</component>
		
		<component name="display">
			<settings>
				<setting name="bufferinterval" value="250" />
				<setting name="bufferrotation" value="90" />
			</settings>
			<elements>
				<element name="background" src="background.png" />
				<element name="playIcon" src="playIcon.png" />
				<element name="muteIcon" src="muteIcon.png" />
				<element name="errorIcon" src="bufferIcon.png" />
				<element name="bufferIcon" src="bufferIcon.png" />
			</elements>
		</component>
	</components>

</skin>