CREATE DATABASE  IF NOT EXISTS `tapeplay` /*!40100 DEFAULT CHARACTER SET latin1 */;
USE `tapeplay`;
-- MySQL dump 10.13  Distrib 5.1.40, for Win32 (ia32)
--
-- Host: localhost    Database: tapeplay
-- ------------------------------------------------------
-- Server version	5.5.8

/*!40101 SET @OLD_CHARACTER_SET_CLIENT=@@CHARACTER_SET_CLIENT */;
/*!40101 SET @OLD_CHARACTER_SET_RESULTS=@@CHARACTER_SET_RESULTS */;
/*!40101 SET @OLD_COLLATION_CONNECTION=@@COLLATION_CONNECTION */;
/*!40101 SET NAMES utf8 */;
/*!40103 SET @OLD_TIME_ZONE=@@TIME_ZONE */;
/*!40103 SET TIME_ZONE='+00:00' */;
/*!40014 SET @OLD_UNIQUE_CHECKS=@@UNIQUE_CHECKS, UNIQUE_CHECKS=0 */;
/*!40014 SET @OLD_FOREIGN_KEY_CHECKS=@@FOREIGN_KEY_CHECKS, FOREIGN_KEY_CHECKS=0 */;
/*!40101 SET @OLD_SQL_MODE=@@SQL_MODE, SQL_MODE='NO_AUTO_VALUE_ON_ZERO' */;
/*!40111 SET @OLD_SQL_NOTES=@@SQL_NOTES, SQL_NOTES=0 */;

--
-- Table structure for table `video_views`
--

DROP TABLE IF EXISTS `video_views`;
/*!40101 SET @saved_cs_client     = @@character_set_client */;
/*!40101 SET character_set_client = utf8 */;
CREATE TABLE `video_views` (
  `id` int(10) unsigned NOT NULL AUTO_INCREMENT,
  `user_id` int(10) unsigned NOT NULL,
  `video_id` int(10) unsigned NOT NULL,
  PRIMARY KEY (`id`),
  KEY `fk_vu1_user_id` (`user_id`),
  KEY `fk_vu1_video_id` (`video_id`),
  CONSTRAINT `fk_vu1_user_id` FOREIGN KEY (`user_id`) REFERENCES `users` (`id`) ON DELETE NO ACTION ON UPDATE NO ACTION,
  CONSTRAINT `fk_vu1_video_id` FOREIGN KEY (`video_id`) REFERENCES `videos` (`id`) ON DELETE NO ACTION ON UPDATE NO ACTION
) ENGINE=InnoDB AUTO_INCREMENT=12 DEFAULT CHARSET=latin1;
/*!40101 SET character_set_client = @saved_cs_client */;

--
-- Dumping data for table `video_views`
--

LOCK TABLES `video_views` WRITE;
/*!40000 ALTER TABLE `video_views` DISABLE KEYS */;
INSERT INTO `video_views` VALUES (1,2,1),(2,2,1),(3,2,2),(4,2,3),(5,2,41),(6,2,41),(7,2,41),(8,1,1),(9,1,1),(10,1,1),(11,1,4);
/*!40000 ALTER TABLE `video_views` ENABLE KEYS */;
UNLOCK TABLES;

--
-- Table structure for table `videos`
--

DROP TABLE IF EXISTS `videos`;
/*!40101 SET @saved_cs_client     = @@character_set_client */;
/*!40101 SET character_set_client = utf8 */;
CREATE TABLE `videos` (
  `id` int(10) unsigned NOT NULL AUTO_INCREMENT,
  `panda_id` varchar(50) NOT NULL,
  `title` varchar(50) NOT NULL,
  `is_private` tinyint(1) NOT NULL,
  `uploaded_date` int(11) NOT NULL,
  `recorded_month` tinyint(4) DEFAULT NULL,
  `recorded_year` smallint(6) DEFAULT NULL,
  `active` tinyint(1) DEFAULT NULL,
  `player_id` int(10) unsigned NOT NULL,
  `sport_id` tinyint(3) unsigned NOT NULL,
  PRIMARY KEY (`id`),
  KEY `fk_v_player_id` (`player_id`),
  KEY `fk_v_sport_id` (`sport_id`),
  CONSTRAINT `fk_v_player_id` FOREIGN KEY (`player_id`) REFERENCES `players` (`id`) ON DELETE NO ACTION ON UPDATE NO ACTION,
  CONSTRAINT `fk_v_sport_id` FOREIGN KEY (`sport_id`) REFERENCES `sports` (`id`) ON DELETE NO ACTION ON UPDATE NO ACTION
) ENGINE=InnoDB AUTO_INCREMENT=58 DEFAULT CHARSET=latin1;
/*!40101 SET character_set_client = @saved_cs_client */;

--
-- Dumping data for table `videos`
--

LOCK TABLES `videos` WRITE;
/*!40000 ALTER TABLE `videos` DISABLE KEYS */;
INSERT INTO `videos` VALUES (1,'ba5dc5411fa485fa43056f4f3e18d600','Video 1',0,1338680204,1,2011,1,1,26),(2,'ba5dc5411fa485fa43056f4f3e18d600','Video 2',0,1338697204,7,2009,1,1,26),(3,'ba5dc5411fa485fa43056f4f3e18d600','Video 3',0,1338696204,4,2010,1,1,26),(4,'ba5dc5411fa485fa43056f4f3e18d600','Video 4',0,1338590204,3,2012,1,2,26),(41,'ba5dc5411fa485fa43056f4f3e18d600','Video 5',0,1338690204,2,2012,1,2,26);
/*!40000 ALTER TABLE `videos` ENABLE KEYS */;
UNLOCK TABLES;

--
-- Table structure for table `coaches`
--

DROP TABLE IF EXISTS `coaches`;
/*!40101 SET @saved_cs_client     = @@character_set_client */;
/*!40101 SET character_set_client = utf8 */;
CREATE TABLE `coaches` (
  `id` int(10) unsigned NOT NULL AUTO_INCREMENT,
  `school_id` int(10) unsigned NOT NULL,
  `school_position` tinyint(4) DEFAULT NULL,
  `collegiate_level` tinyint(3) unsigned NOT NULL,
  `association` tinyint(3) unsigned NOT NULL,
  `user_id` int(10) unsigned NOT NULL,
  PRIMARY KEY (`id`),
  KEY `fk_uc_user_id` (`user_id`),
  KEY `fk_cs_school_id` (`school_id`),
  CONSTRAINT `fk_uc_user_id` FOREIGN KEY (`user_id`) REFERENCES `users` (`id`) ON DELETE NO ACTION ON UPDATE NO ACTION,
  CONSTRAINT `fk_cs_school_id` FOREIGN KEY (`school_id`) REFERENCES `schools` (`id`) ON DELETE NO ACTION ON UPDATE NO ACTION
) ENGINE=InnoDB AUTO_INCREMENT=3 DEFAULT CHARSET=latin1;
/*!40101 SET character_set_client = @saved_cs_client */;

--
-- Dumping data for table `coaches`
--

LOCK TABLES `coaches` WRITE;
/*!40000 ALTER TABLE `coaches` DISABLE KEYS */;
INSERT INTO `coaches` VALUES (1,6,1,1,1,5),(2,8,1,2,2,6);
/*!40000 ALTER TABLE `coaches` ENABLE KEYS */;
UNLOCK TABLES;

--
-- Table structure for table `ad_formats`
--

DROP TABLE IF EXISTS `ad_formats`;
/*!40101 SET @saved_cs_client     = @@character_set_client */;
/*!40101 SET character_set_client = utf8 */;
CREATE TABLE `ad_formats` (
  `id` tinyint(3) unsigned NOT NULL AUTO_INCREMENT,
  `description` varchar(30) DEFAULT NULL,
  `width` smallint(6) DEFAULT NULL,
  `height` smallint(6) DEFAULT NULL,
  PRIMARY KEY (`id`)
) ENGINE=InnoDB DEFAULT CHARSET=latin1;
/*!40101 SET character_set_client = @saved_cs_client */;

--
-- Dumping data for table `ad_formats`
--

LOCK TABLES `ad_formats` WRITE;
/*!40000 ALTER TABLE `ad_formats` DISABLE KEYS */;
/*!40000 ALTER TABLE `ad_formats` ENABLE KEYS */;
UNLOCK TABLES;

--
-- Table structure for table `comments`
--

DROP TABLE IF EXISTS `comments`;
/*!40101 SET @saved_cs_client     = @@character_set_client */;
/*!40101 SET character_set_client = utf8 */;
CREATE TABLE `comments` (
  `id` int(10) unsigned NOT NULL AUTO_INCREMENT,
  `comment` text,
  `created_date` int(11) NOT NULL,
  `posted_date` int(11) NOT NULL,
  `video_time` int(11) DEFAULT NULL,
  `video_id` int(10) unsigned DEFAULT NULL,
  `user_id` int(10) unsigned DEFAULT NULL,
  PRIMARY KEY (`id`),
  KEY `fk_cv_video_id` (`video_id`),
  KEY `fk_cv_user_id` (`user_id`),
  CONSTRAINT `fk_cv_video_id` FOREIGN KEY (`video_id`) REFERENCES `videos` (`id`) ON DELETE NO ACTION ON UPDATE NO ACTION,
  CONSTRAINT `fk_cv_user_id` FOREIGN KEY (`user_id`) REFERENCES `users` (`id`) ON DELETE NO ACTION ON UPDATE NO ACTION
) ENGINE=InnoDB DEFAULT CHARSET=latin1;
/*!40101 SET character_set_client = @saved_cs_client */;

--
-- Dumping data for table `comments`
--

LOCK TABLES `comments` WRITE;
/*!40000 ALTER TABLE `comments` DISABLE KEYS */;
/*!40000 ALTER TABLE `comments` ENABLE KEYS */;
UNLOCK TABLES;

--
-- Table structure for table `stat_categories`
--

DROP TABLE IF EXISTS `stat_categories`;
/*!40101 SET @saved_cs_client     = @@character_set_client */;
/*!40101 SET character_set_client = utf8 */;
CREATE TABLE `stat_categories` (
  `id` tinyint(3) unsigned NOT NULL AUTO_INCREMENT,
  `sport_id` tinyint(3) unsigned NOT NULL,
  `name` varchar(45) DEFAULT NULL,
  PRIMARY KEY (`id`)
) ENGINE=InnoDB AUTO_INCREMENT=35 DEFAULT CHARSET=latin1;
/*!40101 SET character_set_client = @saved_cs_client */;

--
-- Dumping data for table `stat_categories`
--

LOCK TABLES `stat_categories` WRITE;
/*!40000 ALTER TABLE `stat_categories` DISABLE KEYS */;
INSERT INTO `stat_categories` VALUES (1,25,'Statistics'),(2,26,'Statistics'),(3,8,'Statistics'),(4,9,'Statistics'),(5,27,'Statistics'),(6,27,'Offensive'),(7,27,'Pitching'),(8,27,'Defensive'),(9,10,'Statistics'),(10,10,'Offensive'),(11,10,'Pitching'),(12,10,'Defensive'),(13,11,'Statistics'),(14,12,'Statistics'),(15,13,'Statistics'),(16,14,'Statistics'),(17,7,'Passing'),(18,7,'Rushing'),(19,7,'Receiving'),(20,7,'Returns'),(21,7,'Punting'),(22,7,'Defensive'),(23,17,'Player'),(24,17,'Goalie'),(25,15,'Statistics'),(26,16,'Statistics'),(27,18,'Statistics'),(28,19,'Statistics'),(29,20,'Statistics'),(30,21,'Statistics'),(31,22,'Statistics'),(32,23,'Statistics'),(33,24,'Statistics'),(34,28,'Statistics');
/*!40000 ALTER TABLE `stat_categories` ENABLE KEYS */;
UNLOCK TABLES;

--
-- Table structure for table `schools`
--

DROP TABLE IF EXISTS `schools`;
/*!40101 SET @saved_cs_client     = @@character_set_client */;
/*!40101 SET character_set_client = utf8 */;
CREATE TABLE `schools` (
  `id` int(10) unsigned NOT NULL AUTO_INCREMENT,
  `name` varchar(45) DEFAULT NULL,
  `city` varchar(45) DEFAULT NULL,
  `state` varchar(45) DEFAULT NULL,
  `division` varchar(45) DEFAULT NULL,
  `confirmed` tinyint(1) DEFAULT '0',
  PRIMARY KEY (`id`)
) ENGINE=InnoDB AUTO_INCREMENT=3216 DEFAULT CHARSET=latin1;
/*!40101 SET character_set_client = @saved_cs_client */;

--
-- Dumping data for table `schools`
--

LOCK TABLES `schools` WRITE;
/*!40000 ALTER TABLE `schools` DISABLE KEYS */;
INSERT INTO `schools` VALUES (1,'Institution_Name',NULL,NULL,NULL,1),(2,'Abilene Christian University',NULL,NULL,NULL,1),(3,'Abraham Baldwin Agricultural College',NULL,NULL,NULL,1),(4,'Abraham Lincoln University',NULL,NULL,NULL,1),(5,'Adams State College',NULL,NULL,NULL,1),(6,'Adelphi University',NULL,NULL,NULL,1),(7,'Adirondack Community College',NULL,NULL,NULL,1),(8,'Adrian College',NULL,NULL,NULL,1),(9,'Agnes Scott College',NULL,NULL,NULL,1),(10,'Aguadilla Technological College',NULL,NULL,NULL,1),(11,'Aiken Technical College',NULL,NULL,NULL,1),(12,'Aims Community College',NULL,NULL,NULL,1),(13,'Air Force Academy',NULL,NULL,NULL,1),(14,'Air University',NULL,NULL,NULL,1),(15,'Alabama A & M University',NULL,NULL,NULL,1),(16,'Alabama Aviation College',NULL,NULL,NULL,1),(17,'Alabama Southern Community College',NULL,NULL,NULL,1),(18,'Alabama State University',NULL,NULL,NULL,1),(19,'Alamance Community College',NULL,NULL,NULL,1),(20,'Alaska Bible College',NULL,NULL,NULL,1),(21,'Alaska Christian College',NULL,NULL,NULL,1),(22,'Alaska Pacific University',NULL,NULL,NULL,1),(23,'Albany State University',NULL,NULL,NULL,1),(24,'Albany Technical College',NULL,NULL,NULL,1),(25,'Albertson College of Idaho',NULL,NULL,NULL,1),(26,'Albertus Magnus College',NULL,NULL,NULL,1),(27,'Albion College',NULL,NULL,NULL,1),(28,'Albright College',NULL,NULL,NULL,1),(29,'Alcorn State University',NULL,NULL,NULL,1),(30,'Alderson - Broaddus College',NULL,NULL,NULL,1),(31,'Alexandria Technical College',NULL,NULL,NULL,1),(32,'Alfred University',NULL,NULL,NULL,1),(33,'Alice Lloyd College',NULL,NULL,NULL,1),(34,'All Saints Bible College',NULL,NULL,NULL,1),(35,'Allan Hancock College',NULL,NULL,NULL,1),(36,'Allegany College of Maryland',NULL,NULL,NULL,1),(37,'Allegheny College',NULL,NULL,NULL,1),(38,'Allegheny Wesleyan College',NULL,NULL,NULL,1),(39,'Allen College',NULL,NULL,NULL,1),(40,'Allen County Community College',NULL,NULL,NULL,1),(41,'Allen University',NULL,NULL,NULL,1),(42,'Alliant International University',NULL,NULL,NULL,1),(43,'Allied American University',NULL,NULL,NULL,1),(44,'Allied College - Maryland Heights',NULL,NULL,NULL,1),(45,'Alma College',NULL,NULL,NULL,1),(46,'Alpena Community College',NULL,NULL,NULL,1),(47,'Alpine College',NULL,NULL,NULL,1),(48,'Altamaha Technical College',NULL,NULL,NULL,1),(49,'Alvernia College',NULL,NULL,NULL,1),(50,'Alverno College',NULL,NULL,NULL,1),(51,'Alvin Community College',NULL,NULL,NULL,1),(52,'Amarillo College',NULL,NULL,NULL,1),(53,'Amberton University',NULL,NULL,NULL,1),(54,'American Baptist College',NULL,NULL,NULL,1),(55,'American College',NULL,NULL,NULL,1),(56,'American College of California',NULL,NULL,NULL,1),(57,'American College of Technology',NULL,NULL,NULL,1),(58,'American Commercial College',NULL,NULL,NULL,1),(59,'American Commercial College - Abilene',NULL,NULL,NULL,1),(60,'American Commercial College of Texas',NULL,NULL,NULL,1),(61,'American InterContinental University',NULL,NULL,NULL,1),(62,'American International College',NULL,NULL,NULL,1),(63,'American Jewish University',NULL,NULL,NULL,1),(64,'American Pacific College',NULL,NULL,NULL,1),(65,'American Pacific College - Los Angeles',NULL,NULL,NULL,1),(66,'American Pathways University',NULL,NULL,NULL,1),(67,'American River College',NULL,NULL,NULL,1),(68,'American Samoa Community College',NULL,NULL,NULL,1),(69,'American Sentinel University - Aurora',NULL,NULL,NULL,1),(70,'American Sentinel University - Birmingham',NULL,NULL,NULL,1),(71,'American Technological College',NULL,NULL,NULL,1),(72,'American Technological College - Ponce',NULL,NULL,NULL,1),(73,'American University',NULL,NULL,NULL,1),(74,'American University of Armenia',NULL,NULL,NULL,1),(75,'American University of Puerto Rico',NULL,NULL,NULL,1),(76,'Americana College',NULL,NULL,NULL,1),(77,'AmeriTech College - Provo',NULL,NULL,NULL,1),(78,'Amherst College',NULL,NULL,NULL,1),(79,'Amridge University',NULL,NULL,NULL,1),(80,'Anaheim University',NULL,NULL,NULL,1),(81,'Anamarc College - Santa Teresa',NULL,NULL,NULL,1),(82,'Ancilla College',NULL,NULL,NULL,1),(83,'Anderson University',NULL,NULL,NULL,1),(84,'Andover College',NULL,NULL,NULL,1),(85,'Andrew College',NULL,NULL,NULL,1),(86,'Andrews University',NULL,NULL,NULL,1),(87,'Andrews University/Dayton',NULL,NULL,NULL,1),(88,'Angelina College',NULL,NULL,NULL,1),(89,'Angelo State University',NULL,NULL,NULL,1),(90,'Angley College',NULL,NULL,NULL,1),(91,'Angley College - Orlando',NULL,NULL,NULL,1),(92,'Anna Maria College',NULL,NULL,NULL,1),(93,'Anne Arundel Community College',NULL,NULL,NULL,1),(94,'Anoka Technical College',NULL,NULL,NULL,1),(95,'Anoka-Ramsey Community College',NULL,NULL,NULL,1),(96,'Antelope Valley College',NULL,NULL,NULL,1),(97,'Anthem College - Aurora',NULL,NULL,NULL,1),(98,'Anthem College - Irving',NULL,NULL,NULL,1),(99,'Anthem College - Orlando',NULL,NULL,NULL,1),(100,'Anthem College - Phoenix',NULL,NULL,NULL,1),(101,'Antioch University',NULL,NULL,NULL,1),(102,'Antioch University McGregor',NULL,NULL,NULL,1),(103,'Apollo College - Portland',NULL,NULL,NULL,1),(104,'Apollos University',NULL,NULL,NULL,1),(105,'Appalachian Bible College',NULL,NULL,NULL,1),(106,'Appalachian State University',NULL,NULL,NULL,1),(107,'Appalachian Technical College',NULL,NULL,NULL,1),(108,'Aquinas College',NULL,NULL,NULL,1),(109,'Arapahoe Community College',NULL,NULL,NULL,1),(110,'Arcadia University',NULL,NULL,NULL,1),(111,'Argosy University - Orange County Campus',NULL,NULL,NULL,1),(112,'Arizona Christian University',NULL,NULL,NULL,1),(113,'Arizona State University',NULL,NULL,NULL,1),(114,'Arizona Western College',NULL,NULL,NULL,1),(115,'Arkansas Baptist College',NULL,NULL,NULL,1),(116,'Arkansas Northeastern College',NULL,NULL,NULL,1),(117,'Arkansas State University',NULL,NULL,NULL,1),(118,'Arkansas State University - Beebe',NULL,NULL,NULL,1),(119,'Arkansas State University - Newport',NULL,NULL,NULL,1),(120,'Arkansas State University Mountain Home',NULL,NULL,NULL,1),(121,'Arkansas Tech University',NULL,NULL,NULL,1),(122,'Arkansas Valley Technical Institute of Arkans',NULL,NULL,NULL,1),(123,'Arlington Baptist College',NULL,NULL,NULL,1),(124,'Armstrong Atlantic State University',NULL,NULL,NULL,1),(125,'Asbury University',NULL,NULL,NULL,1),(126,'Ascension College',NULL,NULL,NULL,1),(127,'Asheville Buncombe Technical Community Colleg',NULL,NULL,NULL,1),(128,'Ashford University',NULL,NULL,NULL,1),(129,'Ashland Community and Technical College',NULL,NULL,NULL,1),(130,'Ashland University',NULL,NULL,NULL,1),(131,'Ashworth College',NULL,NULL,NULL,1),(132,'Asnuntuck Community College',NULL,NULL,NULL,1),(133,'Aspen University',NULL,NULL,NULL,1),(134,'Associated Technical College',NULL,NULL,NULL,1),(135,'Assumption College',NULL,NULL,NULL,1),(136,'Assumption College for Sisters',NULL,NULL,NULL,1),(137,'A-Technical College',NULL,NULL,NULL,1),(138,'Atenas College',NULL,NULL,NULL,1),(139,'Athens State University',NULL,NULL,NULL,1),(140,'Athens Technical College',NULL,NULL,NULL,1),(141,'ATI College',NULL,NULL,NULL,1),(142,'ATI College - Santa Ana',NULL,NULL,NULL,1),(143,'Atlanta College of Art',NULL,NULL,NULL,1),(144,'Atlanta Metropolitan College',NULL,NULL,NULL,1),(145,'Atlanta Technical College',NULL,NULL,NULL,1),(146,'Atlantic Cape Community College',NULL,NULL,NULL,1),(147,'Atlantic Union College',NULL,NULL,NULL,1),(148,'Atlantic University',NULL,NULL,NULL,1),(149,'Atlantic Universty College',NULL,NULL,NULL,1),(150,'Auburn University Main Campus',NULL,NULL,NULL,1),(151,'Auburn University-Montgomery',NULL,NULL,NULL,1),(152,'Augsburg College',NULL,NULL,NULL,1),(153,'Augusta State University',NULL,NULL,NULL,1),(154,'Augusta Technical College',NULL,NULL,NULL,1),(155,'Augustana College',NULL,NULL,NULL,1),(156,'Aurora University',NULL,NULL,NULL,1),(157,'Austin College',NULL,NULL,NULL,1),(158,'Austin Community College',NULL,NULL,NULL,1),(159,'Austin Peay State University',NULL,NULL,NULL,1),(160,'Automeca Technical College',NULL,NULL,NULL,1),(161,'Ave Maria University',NULL,NULL,NULL,1),(162,'Averett University',NULL,NULL,NULL,1),(163,'Aviator College of Aeronautical Science & Tec',NULL,NULL,NULL,1),(164,'Avila University',NULL,NULL,NULL,1),(165,'Azure College',NULL,NULL,NULL,1),(166,'Azusa Pacific University',NULL,NULL,NULL,1),(167,'Babson College',NULL,NULL,NULL,1),(168,'Bacone College',NULL,NULL,NULL,1),(169,'Bainbridge College',NULL,NULL,NULL,1),(170,'Baker College',NULL,NULL,NULL,1),(171,'Baker University',NULL,NULL,NULL,1),(172,'Bakersfield College',NULL,NULL,NULL,1),(173,'Baldwin-Wallace College',NULL,NULL,NULL,1),(174,'Ball State University',NULL,NULL,NULL,1),(175,'Baltimore City Community College',NULL,NULL,NULL,1),(176,'Baltimore Hebrew University Inc',NULL,NULL,NULL,1),(177,'Baltimore International College',NULL,NULL,NULL,1),(178,'Banner College-Arlington',NULL,NULL,NULL,1),(179,'Baptist Bible College',NULL,NULL,NULL,1),(180,'Baptist University of the Americas',NULL,NULL,NULL,1),(181,'Barclay College',NULL,NULL,NULL,1),(182,'Bard College',NULL,NULL,NULL,1),(183,'Barnard College',NULL,NULL,NULL,1),(184,'Barry University',NULL,NULL,NULL,1),(185,'Barstow Community College',NULL,NULL,NULL,1),(186,'Barton College',NULL,NULL,NULL,1),(187,'Barton County Community College',NULL,NULL,NULL,1),(188,'Bastyr University',NULL,NULL,NULL,1),(189,'Bates College',NULL,NULL,NULL,1),(190,'Bates Technical College',NULL,NULL,NULL,1),(191,'Baton Rouge College',NULL,NULL,NULL,1),(192,'Baton Rouge Community College',NULL,NULL,NULL,1),(193,'Bauder College',NULL,NULL,NULL,1),(194,'Bay de Noc Community College',NULL,NULL,NULL,1),(195,'Bay Mills Community College',NULL,NULL,NULL,1),(196,'Bay Path College',NULL,NULL,NULL,1),(197,'Bay State College - Boston',NULL,NULL,NULL,1),(198,'Bayamon Central University',NULL,NULL,NULL,1),(199,'Bayamon Community College',NULL,NULL,NULL,1),(200,'Baylor University',NULL,NULL,NULL,1),(201,'Beacon College',NULL,NULL,NULL,1),(202,'Beacon University',NULL,NULL,NULL,1),(203,'Beal College',NULL,NULL,NULL,1),(204,'Beaufort County Community College',NULL,NULL,NULL,1),(205,'Becker College',NULL,NULL,NULL,1),(206,'Beckfield College',NULL,NULL,NULL,1),(207,'Belhaven University',NULL,NULL,NULL,1),(208,'Bellarmine University',NULL,NULL,NULL,1),(209,'Bellevue Community College',NULL,NULL,NULL,1),(210,'Bellevue University',NULL,NULL,NULL,1),(211,'Bellin College',NULL,NULL,NULL,1),(212,'Bellingham Technical College',NULL,NULL,NULL,1),(213,'Belmont Abbey College',NULL,NULL,NULL,1),(214,'Belmont Technical College',NULL,NULL,NULL,1),(215,'Belmont University',NULL,NULL,NULL,1),(216,'Beloit College',NULL,NULL,NULL,1),(217,'Bemidji State University',NULL,NULL,NULL,1),(218,'Benedict College',NULL,NULL,NULL,1),(219,'Benedictine College',NULL,NULL,NULL,1),(220,'Benedictine University',NULL,NULL,NULL,1),(221,'Bennett College for Women',NULL,NULL,NULL,1),(222,'Bennington College',NULL,NULL,NULL,1),(223,'Bentley College',NULL,NULL,NULL,1),(224,'Berea College',NULL,NULL,NULL,1),(225,'Bergen Community College',NULL,NULL,NULL,1),(226,'Bergin University of Canine Studies',NULL,NULL,NULL,1),(227,'Berkeley City College',NULL,NULL,NULL,1),(228,'Berkeley College',NULL,NULL,NULL,1),(229,'Berkshire Community College',NULL,NULL,NULL,1),(230,'Berry College',NULL,NULL,NULL,1),(231,'Beth HaTalmud Rabbinical College',NULL,NULL,NULL,1),(232,'Bethany College',NULL,NULL,NULL,1),(233,'Bethany Lutheran College',NULL,NULL,NULL,1),(234,'Bethany University',NULL,NULL,NULL,1),(235,'Bethel College',NULL,NULL,NULL,1),(236,'Bethel University',NULL,NULL,NULL,1),(237,'Bethesda University of California',NULL,NULL,NULL,1),(238,'Bethune - Cookman College',NULL,NULL,NULL,1),(239,'Beulah Heights University',NULL,NULL,NULL,1),(240,'Bevill State Community College',NULL,NULL,NULL,1),(241,'Big Bend Community College',NULL,NULL,NULL,1),(242,'Big Sandy Community and Technical College',NULL,NULL,NULL,1),(243,'Biola University',NULL,NULL,NULL,1),(244,'Birmingham Southern College',NULL,NULL,NULL,1),(245,'Birthingway College of Midwifery',NULL,NULL,NULL,1),(246,'Bishop State Community College',NULL,NULL,NULL,1),(247,'Bismarck State College',NULL,NULL,NULL,1),(248,'Black Hawk College - Quad-Cities Campus',NULL,NULL,NULL,1),(249,'Black Hills State University',NULL,NULL,NULL,1),(250,'Black River Technical College',NULL,NULL,NULL,1),(251,'Blackburn College',NULL,NULL,NULL,1),(252,'Blackfeet Community College',NULL,NULL,NULL,1),(253,'Blackhawk Technical College',NULL,NULL,NULL,1),(254,'Bladen Community College',NULL,NULL,NULL,1),(255,'Blake Austin College',NULL,NULL,NULL,1),(256,'Blinn College',NULL,NULL,NULL,1),(257,'Bloomfield College',NULL,NULL,NULL,1),(258,'Bloomsburg University of Pennsylvania',NULL,NULL,NULL,1),(259,'Blue Mountain College',NULL,NULL,NULL,1),(260,'Blue Mountain Community College',NULL,NULL,NULL,1),(261,'Blue Ridge Community and Technical College',NULL,NULL,NULL,1),(262,'Blue Ridge Community College',NULL,NULL,NULL,1),(263,'Bluefield College',NULL,NULL,NULL,1),(264,'Bluefield State College',NULL,NULL,NULL,1),(265,'Bluegrass Community and Technical College',NULL,NULL,NULL,1),(266,'Bluffton University',NULL,NULL,NULL,1),(267,'Bob Jones University',NULL,NULL,NULL,1),(268,'Boise Bible College',NULL,NULL,NULL,1),(269,'Boise State University',NULL,NULL,NULL,1),(270,'Boricua College',NULL,NULL,NULL,1),(271,'Bossier Parish Community College',NULL,NULL,NULL,1),(272,'Boston Baptist College',NULL,NULL,NULL,1),(273,'Boston College',NULL,NULL,NULL,1),(274,'Boston University',NULL,NULL,NULL,1),(275,'Bowdoin College',NULL,NULL,NULL,1),(276,'Bowie State University',NULL,NULL,NULL,1),(277,'Bowling Green State University',NULL,NULL,NULL,1),(278,'Bowling Green Technical College',NULL,NULL,NULL,1),(279,'Bradley University',NULL,NULL,NULL,1),(280,'Bramson ORT College',NULL,NULL,NULL,1),(281,'Brand College',NULL,NULL,NULL,1),(282,'Brandeis University',NULL,NULL,NULL,1),(283,'Brandman University',NULL,NULL,NULL,1),(284,'Brandon College',NULL,NULL,NULL,1),(285,'Branson Technical College',NULL,NULL,NULL,1),(286,'Brazosport College',NULL,NULL,NULL,1),(287,'Brenau University',NULL,NULL,NULL,1),(288,'Brescia University',NULL,NULL,NULL,1),(289,'Brevard College',NULL,NULL,NULL,1),(290,'Brevard Community College',NULL,NULL,NULL,1),(291,'Brevard Community College (AMS)',NULL,NULL,NULL,1),(292,'Brewton-Parker College',NULL,NULL,NULL,1),(293,'Briar Cliff University',NULL,NULL,NULL,1),(294,'Briarcliffe College',NULL,NULL,NULL,1),(295,'Briarwood College',NULL,NULL,NULL,1),(296,'Bridgerland Applied Technology College',NULL,NULL,NULL,1),(297,'Bridgewater College',NULL,NULL,NULL,1),(298,'Bridgewater State College',NULL,NULL,NULL,1),(299,'Brigham Young  University Independent Study',NULL,NULL,NULL,1),(300,'Brigham Young University',NULL,NULL,NULL,1),(301,'Brigham Young University - Hawaii',NULL,NULL,NULL,1),(302,'Brigham Young University - Idaho',NULL,NULL,NULL,1),(303,'Brighton College',NULL,NULL,NULL,1),(304,'Bristol Community College',NULL,NULL,NULL,1),(305,'Bristol University',NULL,NULL,NULL,1),(306,'Broadview University - Layton',NULL,NULL,NULL,1),(307,'Broadview University - Orem',NULL,NULL,NULL,1),(308,'Broadview University - West Jordan',NULL,NULL,NULL,1),(309,'Brookdale Community College',NULL,NULL,NULL,1),(310,'Brookhaven College',NULL,NULL,NULL,1),(311,'Brookline College - Oklahoma City',NULL,NULL,NULL,1),(312,'Brookline College - Phoenix',NULL,NULL,NULL,1),(313,'Brooks College',NULL,NULL,NULL,1),(314,'Broome Community College',NULL,NULL,NULL,1),(315,'Broward Community College',NULL,NULL,NULL,1),(316,'Brown Mackie College - Atlanta',NULL,NULL,NULL,1),(317,'Brown Mackie College - Dallas',NULL,NULL,NULL,1),(318,'Brown Mackie College - Denver',NULL,NULL,NULL,1),(319,'Brown Mackie College - Fort Worth',NULL,NULL,NULL,1),(320,'Brown Mackie College - Salina',NULL,NULL,NULL,1),(321,'Brown University',NULL,NULL,NULL,1),(322,'Brunswick Community College',NULL,NULL,NULL,1),(323,'Bryan College',NULL,NULL,NULL,1),(324,'Bryan University',NULL,NULL,NULL,1),(325,'Bryant University',NULL,NULL,NULL,1),(326,'Bryman College',NULL,NULL,NULL,1),(327,'Bryman College - West Los Angeles',NULL,NULL,NULL,1),(328,'Bryn Mawr College',NULL,NULL,NULL,1),(329,'Bucknell University',NULL,NULL,NULL,1),(330,'Bucks County Community College',NULL,NULL,NULL,1),(331,'Buena Vista University',NULL,NULL,NULL,1),(332,'Bunker Hill Community College',NULL,NULL,NULL,1),(333,'Burlington College',NULL,NULL,NULL,1),(334,'Burlington County College',NULL,NULL,NULL,1),(335,'Butler County Community College',NULL,NULL,NULL,1),(336,'Butler University',NULL,NULL,NULL,1),(337,'Butte College',NULL,NULL,NULL,1),(338,'Cabrillo College',NULL,NULL,NULL,1),(339,'Cabrini College',NULL,NULL,NULL,1),(340,'CALC Institute of Technology',NULL,NULL,NULL,1),(341,'Caldwell College',NULL,NULL,NULL,1),(342,'Caldwell Community College and Technical Inst',NULL,NULL,NULL,1),(343,'California Baptist University',NULL,NULL,NULL,1),(344,'California Christian College',NULL,NULL,NULL,1),(345,'California Coast University',NULL,NULL,NULL,1),(346,'California College of Communication',NULL,NULL,NULL,1),(347,'California College of the Arts',NULL,NULL,NULL,1),(348,'California College-San Diego',NULL,NULL,NULL,1),(349,'California Healing Arts College',NULL,NULL,NULL,1),(350,'California Institute of Technology',NULL,NULL,NULL,1),(351,'California Intercontinental University',NULL,NULL,NULL,1),(352,'California Lutheran University',NULL,NULL,NULL,1),(353,'California Miramar University',NULL,NULL,NULL,1),(354,'California National University for Advanced S',NULL,NULL,NULL,1),(355,'California Polytechnic State University-San L',NULL,NULL,NULL,1),(356,'California Southern University',NULL,NULL,NULL,1),(357,'California State Polytechnic University - Pom',NULL,NULL,NULL,1),(358,'California State University - Bakersfield',NULL,NULL,NULL,1),(359,'California State University - Channel Islands',NULL,NULL,NULL,1),(360,'California State University - Chico',NULL,NULL,NULL,1),(361,'California State University - Dominguez Hills',NULL,NULL,NULL,1),(362,'California State University - East Bay',NULL,NULL,NULL,1),(363,'California State University - Fresno',NULL,NULL,NULL,1),(364,'California State University - Fullerton',NULL,NULL,NULL,1),(365,'California State University - Long Beach',NULL,NULL,NULL,1),(366,'California State University - Los Angeles',NULL,NULL,NULL,1),(367,'California State University - Monterey Bay',NULL,NULL,NULL,1),(368,'California State University - Northridge',NULL,NULL,NULL,1),(369,'California State University - Sacramento',NULL,NULL,NULL,1),(370,'California State University - San Bernardino',NULL,NULL,NULL,1),(371,'California State University - San Marcos',NULL,NULL,NULL,1),(372,'California State University - Stanislaus',NULL,NULL,NULL,1),(373,'California University of Management and Scien',NULL,NULL,NULL,1),(374,'California University of Pennsylvania',NULL,NULL,NULL,1),(375,'Calumet College of St. Joseph',NULL,NULL,NULL,1),(376,'Calvin College',NULL,NULL,NULL,1),(377,'Cambridge College',NULL,NULL,NULL,1),(378,'Cambridge College - WA',NULL,NULL,NULL,1),(379,'Cambridge Junior College - Yuba City',NULL,NULL,NULL,1),(380,'Cambridge Technical Institute',NULL,NULL,NULL,1),(381,'Camden County College',NULL,NULL,NULL,1),(382,'Camelot College',NULL,NULL,NULL,1),(383,'Cameron College',NULL,NULL,NULL,1),(384,'Cameron University',NULL,NULL,NULL,1),(385,'Campbell University',NULL,NULL,NULL,1),(386,'Campbellsville University',NULL,NULL,NULL,1),(387,'Canada College',NULL,NULL,NULL,1),(388,'Canisius College',NULL,NULL,NULL,1),(389,'Cankdeska Cikana Community College',NULL,NULL,NULL,1),(390,'Cape Cod Community College',NULL,NULL,NULL,1),(391,'Cape Fear Community College',NULL,NULL,NULL,1),(392,'Capella University',NULL,NULL,NULL,1),(393,'Capital Community College',NULL,NULL,NULL,1),(394,'Capital University',NULL,NULL,NULL,1),(395,'Capitol College',NULL,NULL,NULL,1),(396,'Capri College',NULL,NULL,NULL,1),(397,'Capstone College',NULL,NULL,NULL,1),(398,'Cardean University',NULL,NULL,NULL,1),(399,'Cardinal Stritch University',NULL,NULL,NULL,1),(400,'Caribbean Forensic and Technical College',NULL,NULL,NULL,1),(401,'Caribbean University - Bayamon',NULL,NULL,NULL,1),(402,'Caritas Laboure College',NULL,NULL,NULL,1),(403,'Carl Albert State College',NULL,NULL,NULL,1),(404,'Carl Sandburg College',NULL,NULL,NULL,1),(405,'Carleton College',NULL,NULL,NULL,1),(406,'Carlos Albizu University',NULL,NULL,NULL,1),(407,'Carlos Albizu University - Miami Campus',NULL,NULL,NULL,1),(408,'Carlow University',NULL,NULL,NULL,1),(409,'Carnegie Mellon University',NULL,NULL,NULL,1),(410,'Carolina Bible College',NULL,NULL,NULL,1),(411,'Carolina Christian College',NULL,NULL,NULL,1),(412,'Carrington College - Albuquerque',NULL,NULL,NULL,1),(413,'Carrington College - Boise',NULL,NULL,NULL,1),(414,'Carrington College - Phoenix',NULL,NULL,NULL,1),(415,'Carrington College California - Sacramento',NULL,NULL,NULL,1),(416,'Carroll College',NULL,NULL,NULL,1),(417,'Carroll Community College',NULL,NULL,NULL,1),(418,'Carroll University',NULL,NULL,NULL,1),(419,'Carson-Newman College',NULL,NULL,NULL,1),(420,'Carteret Community College',NULL,NULL,NULL,1),(421,'Carthage College',NULL,NULL,NULL,1),(422,'Carver Bible College',NULL,NULL,NULL,1),(423,'Casa Loma College - Van Nuys',NULL,NULL,NULL,1),(424,'Cascadia Community College',NULL,NULL,NULL,1),(425,'Case Western Reserve University',NULL,NULL,NULL,1),(426,'Casper College',NULL,NULL,NULL,1),(427,'Castleton State College',NULL,NULL,NULL,1),(428,'Catawba College',NULL,NULL,NULL,1),(429,'Catawba Valley Community College',NULL,NULL,NULL,1),(430,'Catholic Distance University',NULL,NULL,NULL,1),(431,'Catholic University of America',NULL,NULL,NULL,1),(432,'Cayuga County Community College',NULL,NULL,NULL,1),(433,'Cazenovia College',NULL,NULL,NULL,1),(434,'CBD College',NULL,NULL,NULL,1),(435,'CDA Technical Institute',NULL,NULL,NULL,1),(436,'Cecil Community College',NULL,NULL,NULL,1),(437,'Cedar Crest College',NULL,NULL,NULL,1),(438,'Cedar Valley College',NULL,NULL,NULL,1),(439,'Cedarville University',NULL,NULL,NULL,1),(440,'Centenary College',NULL,NULL,NULL,1),(441,'Centenary College of Louisiana',NULL,NULL,NULL,1),(442,'Central Alabama Community College',NULL,NULL,NULL,1),(443,'Central Arizona College',NULL,NULL,NULL,1),(444,'Central Baptist College',NULL,NULL,NULL,1),(445,'Central Bible College',NULL,NULL,NULL,1),(446,'Central Carolina Community College',NULL,NULL,NULL,1),(447,'Central Carolina Technical College',NULL,NULL,NULL,1),(448,'Central Christian College of Kansas',NULL,NULL,NULL,1),(449,'Central Christian College of the Bible',NULL,NULL,NULL,1),(450,'Central Coast College',NULL,NULL,NULL,1),(451,'Central College',NULL,NULL,NULL,1),(452,'Central Community College',NULL,NULL,NULL,1),(453,'Central Connecticut State University',NULL,NULL,NULL,1),(454,'Central Florida College - Winter Park',NULL,NULL,NULL,1),(455,'Central Georgia Technical College',NULL,NULL,NULL,1),(456,'Central Lakes College',NULL,NULL,NULL,1),(457,'Central Maine Community College',NULL,NULL,NULL,1),(458,'Central Methodist University',NULL,NULL,NULL,1),(459,'Central Michigan University',NULL,NULL,NULL,1),(460,'Central New Mexico Community College',NULL,NULL,NULL,1),(461,'Central Ohio Technical College',NULL,NULL,NULL,1),(462,'Central Oregon Community College',NULL,NULL,NULL,1),(463,'Central Pennsylvania College',NULL,NULL,NULL,1),(464,'Central Piedmont Community College',NULL,NULL,NULL,1),(465,'Central State University',NULL,NULL,NULL,1),(466,'Central Texas College',NULL,NULL,NULL,1),(467,'Central Virginia Community College',NULL,NULL,NULL,1),(468,'Central Washington University',NULL,NULL,NULL,1),(469,'Central Wyoming College',NULL,NULL,NULL,1),(470,'Centralia College',NULL,NULL,NULL,1),(471,'Centre College',NULL,NULL,NULL,1),(472,'Centura College',NULL,NULL,NULL,1),(473,'Centura College - Alexandria',NULL,NULL,NULL,1),(474,'Centura College - Richmond',NULL,NULL,NULL,1),(475,'Centura College - Virginia Beach',NULL,NULL,NULL,1),(476,'Century College',NULL,NULL,NULL,1),(477,'Century Community and Technical College',NULL,NULL,NULL,1),(478,'Cerritos College',NULL,NULL,NULL,1),(479,'Cerro Coso Community College',NULL,NULL,NULL,1),(480,'Chabot College',NULL,NULL,NULL,1),(481,'Chadron State College',NULL,NULL,NULL,1),(482,'Chaffey College',NULL,NULL,NULL,1),(483,'Chaminade University of Honolulu',NULL,NULL,NULL,1),(484,'Champlain College',NULL,NULL,NULL,1),(485,'Chancellor University',NULL,NULL,NULL,1),(486,'Chapman University',NULL,NULL,NULL,1),(487,'Charles Stewart Mott Community College',NULL,NULL,NULL,1),(488,'Charleston Southern University',NULL,NULL,NULL,1),(489,'Charter College',NULL,NULL,NULL,1),(490,'Charter College - Canyon Country',NULL,NULL,NULL,1),(491,'Charter College - Long Beach',NULL,NULL,NULL,1),(492,'Charter Oak State College',NULL,NULL,NULL,1),(493,'Chase College',NULL,NULL,NULL,1),(494,'Chatfield College',NULL,NULL,NULL,1),(495,'Chatham College',NULL,NULL,NULL,1),(496,'Chattahoochee Technical College',NULL,NULL,NULL,1),(497,'Chattahoochee Valley Community College',NULL,NULL,NULL,1),(498,'Chattanooga State Community College',NULL,NULL,NULL,1),(499,'Chemeketa Community College',NULL,NULL,NULL,1),(500,'Chesapeake College',NULL,NULL,NULL,1),(501,'Chester College of New England',NULL,NULL,NULL,1),(502,'Chestnut Hill College',NULL,NULL,NULL,1),(503,'Cheyney University of Pennsylvania',NULL,NULL,NULL,1),(504,'Chicago State University',NULL,NULL,NULL,1),(505,'Chief Dull Knife College',NULL,NULL,NULL,1),(506,'Chipola College',NULL,NULL,NULL,1),(507,'Chippewa Valley Technical College',NULL,NULL,NULL,1),(508,'Chowan College',NULL,NULL,NULL,1),(509,'Christendom College',NULL,NULL,NULL,1),(510,'Christian Brothers University',NULL,NULL,NULL,1),(511,'Christian Life College',NULL,NULL,NULL,1),(512,'Christopher Newport University',NULL,NULL,NULL,1),(513,'Cincinnati Christian University',NULL,NULL,NULL,1),(514,'Cincinnati College of Mortuary Science',NULL,NULL,NULL,1),(515,'Cincinnati State Technical and Community Coll',NULL,NULL,NULL,1),(516,'Cisco Junior College',NULL,NULL,NULL,1),(517,'Citrus College',NULL,NULL,NULL,1),(518,'City College - Altamonte Springs',NULL,NULL,NULL,1),(519,'City College - Fort Lauderdale',NULL,NULL,NULL,1),(520,'City College of San Francisco',NULL,NULL,NULL,1),(521,'City University of Seattle',NULL,NULL,NULL,1),(522,'City Vision College',NULL,NULL,NULL,1),(523,'Clackamas Community College',NULL,NULL,NULL,1),(524,'Claflin University',NULL,NULL,NULL,1),(525,'Claremont McKenna College',NULL,NULL,NULL,1),(526,'Clarendon College',NULL,NULL,NULL,1),(527,'Clarion University of Pennsylvania',NULL,NULL,NULL,1),(528,'Clark Atlanta University',NULL,NULL,NULL,1),(529,'Clark College',NULL,NULL,NULL,1),(530,'Clark State Community College',NULL,NULL,NULL,1),(531,'Clark University',NULL,NULL,NULL,1),(532,'Clarke University',NULL,NULL,NULL,1),(533,'Clarkson College',NULL,NULL,NULL,1),(534,'Clarkson University',NULL,NULL,NULL,1),(535,'Clatsop Community College',NULL,NULL,NULL,1),(536,'Clayton  State University',NULL,NULL,NULL,1),(537,'Clear Creek Baptist Bible College',NULL,NULL,NULL,1),(538,'Clearwater Christian College',NULL,NULL,NULL,1),(539,'Cleary University',NULL,NULL,NULL,1),(540,'Clemens College',NULL,NULL,NULL,1),(541,'Clemson University',NULL,NULL,NULL,1),(542,'Cleveland Community College',NULL,NULL,NULL,1),(543,'Cleveland State Community College',NULL,NULL,NULL,1),(544,'Cleveland State University',NULL,NULL,NULL,1),(545,'Clinton Community College',NULL,NULL,NULL,1),(546,'Clinton Junior College',NULL,NULL,NULL,1),(547,'Cloud County Community College',NULL,NULL,NULL,1),(548,'Clover Park Technical College',NULL,NULL,NULL,1),(549,'Clovis Community College',NULL,NULL,NULL,1),(550,'CNI College',NULL,NULL,NULL,1),(551,'Coahoma Community College',NULL,NULL,NULL,1),(552,'Coastal Bend College',NULL,NULL,NULL,1),(553,'Coastal Carolina Community College',NULL,NULL,NULL,1),(554,'Coastal Carolina University',NULL,NULL,NULL,1),(555,'Coastal College',NULL,NULL,NULL,1),(556,'Coastal Georgia Community College',NULL,NULL,NULL,1),(557,'Coastline Community College',NULL,NULL,NULL,1),(558,'Cochise College',NULL,NULL,NULL,1),(559,'Coconino County Community College',NULL,NULL,NULL,1),(560,'Coe College',NULL,NULL,NULL,1),(561,'Coffeyville Community College',NULL,NULL,NULL,1),(562,'Cogswell Polytechnical College',NULL,NULL,NULL,1),(563,'Coker College',NULL,NULL,NULL,1),(564,'Colby College',NULL,NULL,NULL,1),(565,'Colby Community College',NULL,NULL,NULL,1),(566,'Colby-Sawyer College',NULL,NULL,NULL,1),(567,'Coleman University',NULL,NULL,NULL,1),(568,'Colgate University',NULL,NULL,NULL,1),(569,'College America - Flagstaff',NULL,NULL,NULL,1),(570,'College America - Phoenix',NULL,NULL,NULL,1),(571,'College for Creative Studies',NULL,NULL,NULL,1),(572,'College for Professional Studies',NULL,NULL,NULL,1),(573,'College Misericordia',NULL,NULL,NULL,1),(574,'College of Alameda',NULL,NULL,NULL,1),(575,'College of Art Advertising',NULL,NULL,NULL,1),(576,'College of Biblical Studies-Houston',NULL,NULL,NULL,1),(577,'College of Central Florida',NULL,NULL,NULL,1),(578,'College of Charleston',NULL,NULL,NULL,1),(579,'College of Court Reporting Inc',NULL,NULL,NULL,1),(580,'College of DuPage',NULL,NULL,NULL,1),(581,'College of Eastern Utah',NULL,NULL,NULL,1),(582,'College of Industrial Repairs',NULL,NULL,NULL,1),(583,'College of Lake County',NULL,NULL,NULL,1),(584,'College of Marin',NULL,NULL,NULL,1),(585,'College of Menominee Nation',NULL,NULL,NULL,1),(586,'College of Micronesia-FSM',NULL,NULL,NULL,1),(587,'College of Mount Saint Vincent',NULL,NULL,NULL,1),(588,'College of Mount St. Joseph',NULL,NULL,NULL,1),(589,'College of Notre Dame of Maryland',NULL,NULL,NULL,1),(590,'College of Our Lady of the Elms',NULL,NULL,NULL,1),(591,'College of Saint Benedict',NULL,NULL,NULL,1),(592,'College of Saint Elizabeth',NULL,NULL,NULL,1),(593,'College of Saint Mary',NULL,NULL,NULL,1),(594,'College of Saint Scholastica',NULL,NULL,NULL,1),(595,'College of San Mateo',NULL,NULL,NULL,1),(596,'College of Southern Idaho',NULL,NULL,NULL,1),(597,'College of Southern Maryland',NULL,NULL,NULL,1),(598,'College of St Joseph',NULL,NULL,NULL,1),(599,'College of the Albemarle',NULL,NULL,NULL,1),(600,'College of the Atlantic',NULL,NULL,NULL,1),(601,'College of the Canyons',NULL,NULL,NULL,1),(602,'College of the Desert',NULL,NULL,NULL,1),(603,'College of the Holy Cross',NULL,NULL,NULL,1),(604,'College of the Humanities and Sciences',NULL,NULL,NULL,1),(605,'College of the Mainland',NULL,NULL,NULL,1),(606,'College of the Marshall Islands',NULL,NULL,NULL,1),(607,'College of the Ozarks',NULL,NULL,NULL,1),(608,'College of the Redwoods',NULL,NULL,NULL,1),(609,'College of the Sequoias',NULL,NULL,NULL,1),(610,'College of the Siskiyous',NULL,NULL,NULL,1),(611,'College of Visual Arts',NULL,NULL,NULL,1),(612,'College of Western Idaho',NULL,NULL,NULL,1),(613,'College of William and Mary',NULL,NULL,NULL,1),(614,'College of Wilmington',NULL,NULL,NULL,1),(615,'CollegeAmerica - Colorado Springs',NULL,NULL,NULL,1),(616,'CollegeAmerica - Denver',NULL,NULL,NULL,1),(617,'CollegeAmerica - Fort Collins',NULL,NULL,NULL,1),(618,'Collin County Community College District',NULL,NULL,NULL,1),(619,'Colorado Christian University',NULL,NULL,NULL,1),(620,'Colorado College',NULL,NULL,NULL,1),(621,'Colorado Heights University',NULL,NULL,NULL,1),(622,'Colorado Mountain College',NULL,NULL,NULL,1),(623,'Colorado Northwestern Community College',NULL,NULL,NULL,1),(624,'Colorado State University',NULL,NULL,NULL,1),(625,'Colorado State University - Pueblo',NULL,NULL,NULL,1),(626,'Colorado Technical University',NULL,NULL,NULL,1),(627,'Columbia Basin College',NULL,NULL,NULL,1),(628,'Columbia College',NULL,NULL,NULL,1),(629,'Columbia College Chicago',NULL,NULL,NULL,1),(630,'Columbia College Hollywood',NULL,NULL,NULL,1),(631,'Columbia Gorge Community College',NULL,NULL,NULL,1),(632,'Columbia International University',NULL,NULL,NULL,1),(633,'Columbia Southern University',NULL,NULL,NULL,1),(634,'Columbia State Community College',NULL,NULL,NULL,1),(635,'Columbia University in the City of New York',NULL,NULL,NULL,1),(636,'Columbia-Greene Community College',NULL,NULL,NULL,1),(637,'Columbus College of Art and Design',NULL,NULL,NULL,1),(638,'Columbus State Community College',NULL,NULL,NULL,1),(639,'Columbus State University',NULL,NULL,NULL,1),(640,'Columbus Technical College',NULL,NULL,NULL,1),(641,'Commonwealth Technical Institute',NULL,NULL,NULL,1),(642,'Community and Technical College at West Virgi',NULL,NULL,NULL,1),(643,'Community Christian College',NULL,NULL,NULL,1),(644,'Community College of Allegheny County',NULL,NULL,NULL,1),(645,'Community College of Aurora',NULL,NULL,NULL,1),(646,'Community College of Beaver County',NULL,NULL,NULL,1),(647,'Community College of Denver',NULL,NULL,NULL,1),(648,'Community College of Philadelphia',NULL,NULL,NULL,1),(649,'Community College of Rhode Island',NULL,NULL,NULL,1),(650,'Community College of Southern Nevada',NULL,NULL,NULL,1),(651,'Community College of the Air Force',NULL,NULL,NULL,1),(652,'Community College of Vermont',NULL,NULL,NULL,1),(653,'Community Enhancement Services - CES College',NULL,NULL,NULL,1),(654,'Compton Community College',NULL,NULL,NULL,1),(655,'Concord University',NULL,NULL,NULL,1),(656,'Concordia College',NULL,NULL,NULL,1),(657,'Concordia College Alabama',NULL,NULL,NULL,1),(658,'Concordia University',NULL,NULL,NULL,1),(659,'Concordia University at Austin',NULL,NULL,NULL,1),(660,'Concordia University Chicago',NULL,NULL,NULL,1),(661,'Concordia University Wisconsin',NULL,NULL,NULL,1),(662,'Concordia University. St. Paul',NULL,NULL,NULL,1),(663,'Connecticut College',NULL,NULL,NULL,1),(664,'Connors State College',NULL,NULL,NULL,1),(665,'Contra Costa College',NULL,NULL,NULL,1),(666,'Converse College',NULL,NULL,NULL,1),(667,'Copiah-Lincoln Community College',NULL,NULL,NULL,1),(668,'Copper Mountain College',NULL,NULL,NULL,1),(669,'Coppin State University',NULL,NULL,NULL,1),(670,'Corban College',NULL,NULL,NULL,1),(671,'Corcoran College of Art and Design',NULL,NULL,NULL,1),(672,'Cornell College',NULL,NULL,NULL,1),(673,'Cornell University',NULL,NULL,NULL,1),(674,'Cornerstone University',NULL,NULL,NULL,1),(675,'Corning Community College',NULL,NULL,NULL,1),(676,'Cornish College of the Arts',NULL,NULL,NULL,1),(677,'Cossatot Community College of the University ',NULL,NULL,NULL,1),(678,'Cosumnes River College',NULL,NULL,NULL,1),(679,'Cottey College',NULL,NULL,NULL,1),(680,'County College of Morris',NULL,NULL,NULL,1),(681,'Covenant College',NULL,NULL,NULL,1),(682,'Cox College',NULL,NULL,NULL,1),(683,'Crafton Hills College',NULL,NULL,NULL,1),(684,'Craven Community College',NULL,NULL,NULL,1),(685,'Creighton University',NULL,NULL,NULL,1),(686,'Crossroads Bible College',NULL,NULL,NULL,1),(687,'Crossroads College',NULL,NULL,NULL,1),(688,'Crowder College',NULL,NULL,NULL,1),(689,'Crowley\'s Ridge College',NULL,NULL,NULL,1),(690,'Crowleys Ridge Technical Institute',NULL,NULL,NULL,1),(691,'Crown College',NULL,NULL,NULL,1),(692,'Cuesta College',NULL,NULL,NULL,1),(693,'Culver-Stockton College',NULL,NULL,NULL,1),(694,'Cumberland County College',NULL,NULL,NULL,1),(695,'Cumberland University',NULL,NULL,NULL,1),(696,'Curry College',NULL,NULL,NULL,1),(697,'Cuyahoga Community College',NULL,NULL,NULL,1),(698,'Cuyamaca College',NULL,NULL,NULL,1),(699,'Cypress College',NULL,NULL,NULL,1),(700,'Dabney S Lancaster Community College',NULL,NULL,NULL,1),(701,'Daemen College',NULL,NULL,NULL,1),(702,'Dakota County Technical College',NULL,NULL,NULL,1),(703,'Dakota State University',NULL,NULL,NULL,1),(704,'Dakota Wesleyan University',NULL,NULL,NULL,1),(705,'Dallas Baptist University',NULL,NULL,NULL,1),(706,'Dallas Christian College',NULL,NULL,NULL,1),(707,'Dalton State College',NULL,NULL,NULL,1),(708,'Dana College',NULL,NULL,NULL,1),(709,'Daniel Webster College',NULL,NULL,NULL,1),(710,'Danville Area Community College',NULL,NULL,NULL,1),(711,'Danville Community College',NULL,NULL,NULL,1),(712,'Darkei Noam Rabbinical College',NULL,NULL,NULL,1),(713,'Dartmouth College',NULL,NULL,NULL,1),(714,'Dartmouth University',NULL,NULL,NULL,1),(715,'Darton College',NULL,NULL,NULL,1),(716,'Davenport University',NULL,NULL,NULL,1),(717,'Davidson College',NULL,NULL,NULL,1),(718,'Davidson County Community College',NULL,NULL,NULL,1),(719,'Davis & Elkins College',NULL,NULL,NULL,1),(720,'Davis Applied Technology College',NULL,NULL,NULL,1),(721,'Davis College',NULL,NULL,NULL,1),(722,'Dawson Community College',NULL,NULL,NULL,1),(723,'Daymar College - Chillicothe',NULL,NULL,NULL,1),(724,'Daymar College - Owensboro',NULL,NULL,NULL,1),(725,'Daymar College - Paducah',NULL,NULL,NULL,1),(726,'Daymar College-Louisville',NULL,NULL,NULL,1),(727,'Daytona College',NULL,NULL,NULL,1),(728,'Daytona State College',NULL,NULL,NULL,1),(729,'De Anza College',NULL,NULL,NULL,1),(730,'Dean College',NULL,NULL,NULL,1),(731,'Deep Springs College',NULL,NULL,NULL,1),(732,'Defiance College',NULL,NULL,NULL,1),(733,'Del Mar College',NULL,NULL,NULL,1),(734,'Delaware College of Art and Design',NULL,NULL,NULL,1),(735,'Delaware County Community College',NULL,NULL,NULL,1),(736,'Delaware State University',NULL,NULL,NULL,1),(737,'Delaware Technical and Community College - Ow',NULL,NULL,NULL,1),(738,'Delaware Technical and Community College - St',NULL,NULL,NULL,1),(739,'Delaware Technical and Community College - Te',NULL,NULL,NULL,1),(740,'Delaware Valley College',NULL,NULL,NULL,1),(741,'Delgado Community College',NULL,NULL,NULL,1),(742,'Delta College',NULL,NULL,NULL,1),(743,'Delta College of Arts & Technology',NULL,NULL,NULL,1),(744,'Delta College of Arts & Technology - Lafayett',NULL,NULL,NULL,1),(745,'Delta Montrose Technical College',NULL,NULL,NULL,1),(746,'Delta State University',NULL,NULL,NULL,1),(747,'Delta Technical College',NULL,NULL,NULL,1),(748,'Denison University',NULL,NULL,NULL,1),(749,'Denmark Technical College',NULL,NULL,NULL,1),(750,'DePaul University',NULL,NULL,NULL,1),(751,'DePauw University',NULL,NULL,NULL,1),(752,'Des Moines Area Community College',NULL,NULL,NULL,1),(753,'DeSales University',NULL,NULL,NULL,1),(754,'DeVry University',NULL,NULL,NULL,1),(755,'Diablo Valley College',NULL,NULL,NULL,1),(756,'Dickinson College',NULL,NULL,NULL,1),(757,'Dickinson State University',NULL,NULL,NULL,1),(758,'Digital Media Arts College',NULL,NULL,NULL,1),(759,'Dillard University',NULL,NULL,NULL,1),(760,'Dine College',NULL,NULL,NULL,1),(761,'Divers Institute of Technology',NULL,NULL,NULL,1),(762,'Divine Word College',NULL,NULL,NULL,1),(763,'Dixie Applied Technology College',NULL,NULL,NULL,1),(764,'Dixie State College of Utah',NULL,NULL,NULL,1),(765,'Doane College',NULL,NULL,NULL,1),(766,'Dodge City Community College',NULL,NULL,NULL,1),(767,'Dominican College of Blauvelt',NULL,NULL,NULL,1),(768,'Dominican University',NULL,NULL,NULL,1),(769,'Dominican University of California',NULL,NULL,NULL,1),(770,'Dominion College',NULL,NULL,NULL,1),(771,'Dona Ana Branch Community College',NULL,NULL,NULL,1),(772,'Dongguk Royal University',NULL,NULL,NULL,1),(773,'Donnelly College',NULL,NULL,NULL,1),(774,'Dordt College',NULL,NULL,NULL,1),(775,'Dowling College',NULL,NULL,NULL,1),(776,'Drake University',NULL,NULL,NULL,1),(777,'Drew University',NULL,NULL,NULL,1),(778,'Drexel University',NULL,NULL,NULL,1),(779,'Drury University',NULL,NULL,NULL,1),(780,'Duke University',NULL,NULL,NULL,1),(781,'Dunlap-Stone University',NULL,NULL,NULL,1),(782,'Dunwoody College of Technology',NULL,NULL,NULL,1),(783,'Duquesne University',NULL,NULL,NULL,1),(784,'Durham Technical Community College',NULL,NULL,NULL,1),(785,'Dutchess Community College',NULL,NULL,NULL,1),(786,'DVS College',NULL,NULL,NULL,1),(787,'Dyersburg State Community College',NULL,NULL,NULL,1),(788,'D\'Youville College',NULL,NULL,NULL,1),(789,'Eagle Gate College',NULL,NULL,NULL,1),(790,'Eagle Gate College - Salt Lake City',NULL,NULL,NULL,1),(791,'Earlham College',NULL,NULL,NULL,1),(792,'East Arkansas Community College',NULL,NULL,NULL,1),(793,'East Carolina University',NULL,NULL,NULL,1),(794,'East Central College',NULL,NULL,NULL,1),(795,'East Central Community College',NULL,NULL,NULL,1),(796,'East Central Technical College',NULL,NULL,NULL,1),(797,'East Central University',NULL,NULL,NULL,1),(798,'East Georgia College',NULL,NULL,NULL,1),(799,'East Los Angeles College',NULL,NULL,NULL,1),(800,'East Mississippi Community College',NULL,NULL,NULL,1),(801,'East Stroudsburg University of Pennsylvania',NULL,NULL,NULL,1),(802,'East Tennessee State University',NULL,NULL,NULL,1),(803,'East Texas Baptist University',NULL,NULL,NULL,1),(804,'East Valley Institute of Technology',NULL,NULL,NULL,1),(805,'Eastern Arizona College',NULL,NULL,NULL,1),(806,'Eastern Connecticut State University',NULL,NULL,NULL,1),(807,'Eastern Gateway Community College',NULL,NULL,NULL,1),(808,'Eastern Idaho Technical College',NULL,NULL,NULL,1),(809,'Eastern Illinois University',NULL,NULL,NULL,1),(810,'Eastern International College',NULL,NULL,NULL,1),(811,'Eastern International College - Belleville',NULL,NULL,NULL,1),(812,'Eastern Iowa Community College District',NULL,NULL,NULL,1),(813,'Eastern Kentucky University',NULL,NULL,NULL,1),(814,'Eastern Maine Community College',NULL,NULL,NULL,1),(815,'Eastern Mennonite University',NULL,NULL,NULL,1),(816,'Eastern Michigan University',NULL,NULL,NULL,1),(817,'Eastern Nazarene College',NULL,NULL,NULL,1),(818,'Eastern New Mexico University',NULL,NULL,NULL,1),(819,'Eastern New Mexico University - Roswell',NULL,NULL,NULL,1),(820,'Eastern Oklahoma State College',NULL,NULL,NULL,1),(821,'Eastern Oregon University',NULL,NULL,NULL,1),(822,'Eastern Shore Community College',NULL,NULL,NULL,1),(823,'Eastern University',NULL,NULL,NULL,1),(824,'Eastern Washington University',NULL,NULL,NULL,1),(825,'Eastern West Virginia Community and Technical',NULL,NULL,NULL,1),(826,'Eastern Wyoming College',NULL,NULL,NULL,1),(827,'Eastfield College',NULL,NULL,NULL,1),(828,'East-West University',NULL,NULL,NULL,1),(829,'Eastwick College',NULL,NULL,NULL,1),(830,'Ecclesia College',NULL,NULL,NULL,1),(831,'Eckerd College',NULL,NULL,NULL,1),(832,'ECPI University',NULL,NULL,NULL,1),(833,'Edgewood College',NULL,NULL,NULL,1),(834,'Edgewood College of California',NULL,NULL,NULL,1),(835,'EDIC College',NULL,NULL,NULL,1),(836,'Edison State College',NULL,NULL,NULL,1),(837,'Edison State Community College',NULL,NULL,NULL,1),(838,'Edmonds Community College',NULL,NULL,NULL,1),(839,'Edutek College',NULL,NULL,NULL,1),(840,'Edward Waters College',NULL,NULL,NULL,1),(841,'Elgin Community College',NULL,NULL,NULL,1),(842,'Elizabeth City State University',NULL,NULL,NULL,1),(843,'Elizabethtown College',NULL,NULL,NULL,1),(844,'Elizabethtown Community and Technical College',NULL,NULL,NULL,1),(845,'Ellis University',NULL,NULL,NULL,1),(846,'Elmhurst College',NULL,NULL,NULL,1),(847,'Elmira College',NULL,NULL,NULL,1),(848,'Elon University',NULL,NULL,NULL,1),(849,'Embry-Riddle Aeronautical University - Dayton',NULL,NULL,NULL,1),(850,'Emerson College',NULL,NULL,NULL,1),(851,'Emmanuel College',NULL,NULL,NULL,1),(852,'Emmaus Bible College',NULL,NULL,NULL,1),(853,'Emory and Henry College',NULL,NULL,NULL,1),(854,'Emory University',NULL,NULL,NULL,1),(855,'Empire College',NULL,NULL,NULL,1),(856,'Emporia State University',NULL,NULL,NULL,1),(857,'Endicott College',NULL,NULL,NULL,1),(858,'Enterprise State Community College',NULL,NULL,NULL,1),(859,'EPIC Bible College',NULL,NULL,NULL,1),(860,'Erie Community College',NULL,NULL,NULL,1),(861,'Erskine College',NULL,NULL,NULL,1),(862,'Essex County College',NULL,NULL,NULL,1),(863,'Eternity Bible College',NULL,NULL,NULL,1),(864,'ETI Technical College',NULL,NULL,NULL,1),(865,'EUCON International College',NULL,NULL,NULL,1),(866,'Eugene Bible College',NULL,NULL,NULL,1),(867,'Eureka College',NULL,NULL,NULL,1),(868,'Evangel University',NULL,NULL,NULL,1),(869,'Evangelia University',NULL,NULL,NULL,1),(870,'Everglades University',NULL,NULL,NULL,1),(871,'Everglades University - Orlando',NULL,NULL,NULL,1),(872,'Everglades University - Sarasota',NULL,NULL,NULL,1),(873,'Evergreen Valley College',NULL,NULL,NULL,1),(874,'Excelsior College',NULL,NULL,NULL,1),(875,'Ex\'pression College for Digital Arts',NULL,NULL,NULL,1),(876,'Fairfield University',NULL,NULL,NULL,1),(877,'Fairleigh Dickinson University',NULL,NULL,NULL,1),(878,'Fairmont State Community and Technical Colleg',NULL,NULL,NULL,1),(879,'Fairmont State University',NULL,NULL,NULL,1),(880,'Faulkner University',NULL,NULL,NULL,1),(881,'Fayette Institute of Technology',NULL,NULL,NULL,1),(882,'Fayetteville State University',NULL,NULL,NULL,1),(883,'Fayetteville Technical Community College',NULL,NULL,NULL,1),(884,'Feather River College',NULL,NULL,NULL,1),(885,'Felician College',NULL,NULL,NULL,1),(886,'Ferris State University',NULL,NULL,NULL,1),(887,'Ferrum College',NULL,NULL,NULL,1),(888,'Fine Mortuary College',NULL,NULL,NULL,1),(889,'Finger Lakes Community College',NULL,NULL,NULL,1),(890,'Finlandia University',NULL,NULL,NULL,1),(891,'First Coast Technical College',NULL,NULL,NULL,1),(892,'Fisher College',NULL,NULL,NULL,1),(893,'Fisk University',NULL,NULL,NULL,1),(894,'Fitchburg State College',NULL,NULL,NULL,1),(895,'Five Towns College',NULL,NULL,NULL,1),(896,'Flagler College',NULL,NULL,NULL,1),(897,'Flathead Valley Community College',NULL,NULL,NULL,1),(898,'Flint Hills Technical College',NULL,NULL,NULL,1),(899,'Flint River Technical College',NULL,NULL,NULL,1),(900,'Florence-Darlington Technical College',NULL,NULL,NULL,1),(901,'Florida Atlantic University',NULL,NULL,NULL,1),(902,'Florida Christian College',NULL,NULL,NULL,1),(903,'Florida College',NULL,NULL,NULL,1),(904,'Florida Gateway College',NULL,NULL,NULL,1),(905,'Florida Gulf Coast University',NULL,NULL,NULL,1),(906,'Florida Institute of Technology-Melbourne',NULL,NULL,NULL,1),(907,'Florida International University',NULL,NULL,NULL,1),(908,'Florida Keys Community College',NULL,NULL,NULL,1),(909,'Florida Memorial University',NULL,NULL,NULL,1),(910,'Florida National University',NULL,NULL,NULL,1),(911,'Florida Southern College',NULL,NULL,NULL,1),(912,'Florida State College at Jacksonville',NULL,NULL,NULL,1),(913,'Florida State University',NULL,NULL,NULL,1),(914,'Florida Technical College',NULL,NULL,NULL,1),(915,'FLS International - Pasadena',NULL,NULL,NULL,1),(916,'Folsom Lake College',NULL,NULL,NULL,1),(917,'Fond du Lac Tribal and Community College',NULL,NULL,NULL,1),(918,'Fontbonne University',NULL,NULL,NULL,1),(919,'Foothill College',NULL,NULL,NULL,1),(920,'Fordham University',NULL,NULL,NULL,1),(921,'Forrest College',NULL,NULL,NULL,1),(922,'Forsyth Technical Community College',NULL,NULL,NULL,1),(923,'Fort Belknap College',NULL,NULL,NULL,1),(924,'Fort Berthold Community College',NULL,NULL,NULL,1),(925,'Fort Hays State University',NULL,NULL,NULL,1),(926,'Fort Lewis College',NULL,NULL,NULL,1),(927,'Fort Peck Community College',NULL,NULL,NULL,1),(928,'Fort Scott Community College',NULL,NULL,NULL,1),(929,'Fort Valley State University',NULL,NULL,NULL,1),(930,'Fortis College - Foley',NULL,NULL,NULL,1),(931,'Fortis College - Indianapolis',NULL,NULL,NULL,1),(932,'Fortis College - Largo',NULL,NULL,NULL,1),(933,'Fortis College - Mobile',NULL,NULL,NULL,1),(934,'Fortis College - Norfolk',NULL,NULL,NULL,1),(935,'Fortis College - Orange Park',NULL,NULL,NULL,1),(936,'Fortis College - Phoenix',NULL,NULL,NULL,1),(937,'Fortis College - Ravenna',NULL,NULL,NULL,1),(938,'Fortis College - Salt Lake City',NULL,NULL,NULL,1),(939,'Fortis College - Tampa',NULL,NULL,NULL,1),(940,'Forty-Niner ROP',NULL,NULL,NULL,1),(941,'Foundation College',NULL,NULL,NULL,1),(942,'Fountainhead College of Technology',NULL,NULL,NULL,1),(943,'Four-D College - Colton',NULL,NULL,NULL,1),(944,'Fox College Inc',NULL,NULL,NULL,1),(945,'Fox Valley Technical College',NULL,NULL,NULL,1),(946,'Framingham State College',NULL,NULL,NULL,1),(947,'Francis Marion University',NULL,NULL,NULL,1),(948,'Franciscan University of Steubenville',NULL,NULL,NULL,1),(949,'Frank Phillips College',NULL,NULL,NULL,1),(950,'Franklin and Marshall College',NULL,NULL,NULL,1),(951,'Franklin College',NULL,NULL,NULL,1),(952,'Franklin College - El Paso',NULL,NULL,NULL,1),(953,'Franklin College of Court Reporting',NULL,NULL,NULL,1),(954,'Franklin Pierce College',NULL,NULL,NULL,1),(955,'Franklin Technology-MSSU',NULL,NULL,NULL,1),(956,'Franklin University',NULL,NULL,NULL,1),(957,'Franklin W. Olin College of Engineering',NULL,NULL,NULL,1),(958,'Frederick Community College',NULL,NULL,NULL,1),(959,'Free Will Baptist Bible College',NULL,NULL,NULL,1),(960,'Freed-Hardeman University',NULL,NULL,NULL,1),(961,'Fremont College',NULL,NULL,NULL,1),(962,'Fremont College - Cerritos',NULL,NULL,NULL,1),(963,'Fresno City College',NULL,NULL,NULL,1),(964,'Fresno Pacific University',NULL,NULL,NULL,1),(965,'Fresno ROP',NULL,NULL,NULL,1),(966,'Friends University',NULL,NULL,NULL,1),(967,'Front Range Community College',NULL,NULL,NULL,1),(968,'Frostburg State University',NULL,NULL,NULL,1),(969,'Full Sail University',NULL,NULL,NULL,1),(970,'Fullerton College',NULL,NULL,NULL,1),(971,'Fulton-Montgomery Community College',NULL,NULL,NULL,1),(972,'Furman University',NULL,NULL,NULL,1),(973,'Future Tech Institute',NULL,NULL,NULL,1),(974,'Gadsden State Community College',NULL,NULL,NULL,1),(975,'Gainesville State College',NULL,NULL,NULL,1),(976,'Gallaudet University',NULL,NULL,NULL,1),(977,'Galveston College',NULL,NULL,NULL,1),(978,'Gannon University',NULL,NULL,NULL,1),(979,'Garden City Community College',NULL,NULL,NULL,1),(980,'Gardner-Webb University',NULL,NULL,NULL,1),(981,'Garrett College',NULL,NULL,NULL,1),(982,'Gaston College',NULL,NULL,NULL,1),(983,'Gates College',NULL,NULL,NULL,1),(984,'Gateway Community and Technical College',NULL,NULL,NULL,1),(985,'Gateway Community College',NULL,NULL,NULL,1),(986,'Gateway Technical College',NULL,NULL,NULL,1),(987,'Gavilan College',NULL,NULL,NULL,1),(988,'Gem City College',NULL,NULL,NULL,1),(989,'Genesee Community College',NULL,NULL,NULL,1),(990,'Geneva College',NULL,NULL,NULL,1),(991,'George C Wallace Community College - Dothan',NULL,NULL,NULL,1),(992,'George Corley Wallace State Community College',NULL,NULL,NULL,1),(993,'George Fox University',NULL,NULL,NULL,1),(994,'George Mason University',NULL,NULL,NULL,1),(995,'George Washington University',NULL,NULL,NULL,1),(996,'Georgetown College',NULL,NULL,NULL,1),(997,'Georgetown University',NULL,NULL,NULL,1),(998,'Georgia Aviation & Technical College',NULL,NULL,NULL,1),(999,'Georgia Christian University',NULL,NULL,NULL,1),(1000,'Georgia College and State University',NULL,NULL,NULL,1),(1001,'Georgia Gwinnett College',NULL,NULL,NULL,1),(1002,'Georgia Highlands College',NULL,NULL,NULL,1),(1003,'Georgia Institute of Technology - Main Campus',NULL,NULL,NULL,1),(1004,'Georgia Military College-Milledgeville Campus',NULL,NULL,NULL,1),(1005,'Georgia Northwestern Technical College',NULL,NULL,NULL,1),(1006,'Georgia Perimeter College',NULL,NULL,NULL,1),(1007,'Georgia Piedmont Technical College',NULL,NULL,NULL,1),(1008,'Georgia Southern University',NULL,NULL,NULL,1),(1009,'Georgia Southwestern State University',NULL,NULL,NULL,1),(1010,'Georgia State University',NULL,NULL,NULL,1),(1011,'Georgian Court University',NULL,NULL,NULL,1),(1012,'Germanna Community College',NULL,NULL,NULL,1),(1013,'Gettysburg College',NULL,NULL,NULL,1),(1014,'Gibbs College',NULL,NULL,NULL,1),(1015,'Gibbs College - Norwalk',NULL,NULL,NULL,1),(1016,'Glen Oaks Community College',NULL,NULL,NULL,1),(1017,'Glendale Community College',NULL,NULL,NULL,1),(1018,'Glenville State College',NULL,NULL,NULL,1),(1019,'Globe University',NULL,NULL,NULL,1),(1020,'Gloucester County College',NULL,NULL,NULL,1),(1021,'Gogebic Community College',NULL,NULL,NULL,1),(1022,'Golden Gate University-San Francisco',NULL,NULL,NULL,1),(1023,'Golden State College',NULL,NULL,NULL,1),(1024,'Golden State College of Court Reporting and C',NULL,NULL,NULL,1),(1025,'Golden West College',NULL,NULL,NULL,1),(1026,'Goldey-Beacom College',NULL,NULL,NULL,1),(1027,'Gonzaga University',NULL,NULL,NULL,1),(1028,'Goodwin College',NULL,NULL,NULL,1),(1029,'Gordon College',NULL,NULL,NULL,1),(1030,'Goshen College',NULL,NULL,NULL,1),(1031,'Goucher College',NULL,NULL,NULL,1),(1032,'Governors State University',NULL,NULL,NULL,1),(1033,'Grace Bible College',NULL,NULL,NULL,1),(1034,'Grace College of Divinity',NULL,NULL,NULL,1),(1035,'Grace Mission University',NULL,NULL,NULL,1),(1036,'Grace University',NULL,NULL,NULL,1),(1037,'Graceland University',NULL,NULL,NULL,1),(1038,'Grambling State University',NULL,NULL,NULL,1),(1039,'Grand Canyon University',NULL,NULL,NULL,1),(1040,'Grand Rapids Community College',NULL,NULL,NULL,1),(1041,'Grand Valley State University',NULL,NULL,NULL,1),(1042,'Grand View College',NULL,NULL,NULL,1),(1043,'Granite State College',NULL,NULL,NULL,1),(1044,'Grantham University',NULL,NULL,NULL,1),(1045,'Gratz College',NULL,NULL,NULL,1),(1046,'Grays Harbor College',NULL,NULL,NULL,1),(1047,'Grayson County College',NULL,NULL,NULL,1),(1048,'Great Basin College',NULL,NULL,NULL,1),(1049,'Great Bay Community College',NULL,NULL,NULL,1),(1050,'Great Lakes Christian College',NULL,NULL,NULL,1),(1051,'Green Mountain College',NULL,NULL,NULL,1),(1052,'Green River Community College',NULL,NULL,NULL,1),(1053,'Greenfield Community College',NULL,NULL,NULL,1),(1054,'Greensboro College',NULL,NULL,NULL,1),(1055,'Greenville College',NULL,NULL,NULL,1),(1056,'Greenville Technical College',NULL,NULL,NULL,1),(1057,'Griffin Technical College',NULL,NULL,NULL,1),(1058,'Grinnell College',NULL,NULL,NULL,1),(1059,'Grossmont College',NULL,NULL,NULL,1),(1060,'Grossmont-Cuyamaca Community College District',NULL,NULL,NULL,1),(1061,'Grove City College',NULL,NULL,NULL,1),(1062,'Guam Community College',NULL,NULL,NULL,1),(1063,'Guardian College',NULL,NULL,NULL,1),(1064,'Guilford College',NULL,NULL,NULL,1),(1065,'Guilford Technical Community College',NULL,NULL,NULL,1),(1066,'Gulf Coast State College',NULL,NULL,NULL,1),(1067,'Gupton Jones College of Funeral Service',NULL,NULL,NULL,1),(1068,'Gustavus Adolphus College',NULL,NULL,NULL,1),(1069,'Gutenberg College',NULL,NULL,NULL,1),(1070,'Gwinnett College',NULL,NULL,NULL,1),(1071,'Gwinnett College - Sandy Springs',NULL,NULL,NULL,1),(1072,'Gwinnett Technical College',NULL,NULL,NULL,1),(1073,'Gwynedd Mercy College',NULL,NULL,NULL,1),(1074,'H Councill Trenholm State Technical College',NULL,NULL,NULL,1),(1075,'Hagerstown Community College',NULL,NULL,NULL,1),(1076,'Halifax Community College',NULL,NULL,NULL,1),(1077,'Hallmark College of Aeronautics',NULL,NULL,NULL,1),(1078,'Hallmark College of Technology',NULL,NULL,NULL,1),(1079,'Hamilton College',NULL,NULL,NULL,1),(1080,'Hamilton Technical College',NULL,NULL,NULL,1),(1081,'Hamline University',NULL,NULL,NULL,1),(1082,'Hampden-Sydney College',NULL,NULL,NULL,1),(1083,'Hampshire College',NULL,NULL,NULL,1),(1084,'Hampton University',NULL,NULL,NULL,1),(1085,'Hannibal-LaGrange College',NULL,NULL,NULL,1),(1086,'Hanover College',NULL,NULL,NULL,1),(1087,'Harcum College',NULL,NULL,NULL,1),(1088,'Harding University',NULL,NULL,NULL,1),(1089,'Hardin-Simmons University',NULL,NULL,NULL,1),(1090,'Harford Community College',NULL,NULL,NULL,1),(1091,'Harrington College of Design',NULL,NULL,NULL,1),(1092,'Harrisburg Area Community College - Harrisbur',NULL,NULL,NULL,1),(1093,'Harrisburg University of Science and Technolo',NULL,NULL,NULL,1),(1094,'Harrison College - Indianapolis',NULL,NULL,NULL,1),(1095,'Harrison College - Muncie',NULL,NULL,NULL,1),(1096,'Harrison Middleton University',NULL,NULL,NULL,1),(1097,'Harris-Stowe State University',NULL,NULL,NULL,1),(1098,'Hartnell College',NULL,NULL,NULL,1),(1099,'Hartwick College',NULL,NULL,NULL,1),(1100,'Harvard University',NULL,NULL,NULL,1),(1101,'Harvey Mudd College',NULL,NULL,NULL,1),(1102,'Haskell Indian Nations University',NULL,NULL,NULL,1),(1103,'Hastings College',NULL,NULL,NULL,1),(1104,'Haverford College',NULL,NULL,NULL,1),(1105,'Hawaii Community College',NULL,NULL,NULL,1),(1106,'Hawaii Pacific University',NULL,NULL,NULL,1),(1107,'Hawaii Technology Institute',NULL,NULL,NULL,1),(1108,'Hawaii Tokai International College',NULL,NULL,NULL,1),(1109,'Haywood Community College',NULL,NULL,NULL,1),(1110,'Hazard Community and Technical College',NULL,NULL,NULL,1),(1111,'Heald College - Central Administrative Office',NULL,NULL,NULL,1),(1112,'Heartland Community College',NULL,NULL,NULL,1),(1113,'Hebrew College',NULL,NULL,NULL,1),(1114,'Hebrew Theological College',NULL,NULL,NULL,1),(1115,'Heidelberg University',NULL,NULL,NULL,1),(1116,'Hellenic College',NULL,NULL,NULL,1),(1117,'Henderson Community College',NULL,NULL,NULL,1),(1118,'Henderson State University',NULL,NULL,NULL,1),(1119,'Hendrix College',NULL,NULL,NULL,1),(1120,'Henley-Putnam University',NULL,NULL,NULL,1),(1121,'Hennepin Technical College',NULL,NULL,NULL,1),(1122,'Henry Cogswell College',NULL,NULL,NULL,1),(1123,'Henry Ford Community College',NULL,NULL,NULL,1),(1124,'Heritage Bible College',NULL,NULL,NULL,1),(1125,'Heritage Christian University',NULL,NULL,NULL,1),(1126,'Heritage College - Denver',NULL,NULL,NULL,1),(1127,'Heritage College - Manassas',NULL,NULL,NULL,1),(1128,'Heritage College - Oklahoma City',NULL,NULL,NULL,1),(1129,'Heritage University',NULL,NULL,NULL,1),(1130,'Herkimer County Community College',NULL,NULL,NULL,1),(1131,'Herzing University',NULL,NULL,NULL,1),(1132,'Hesser College',NULL,NULL,NULL,1),(1133,'Hesston College',NULL,NULL,NULL,1),(1134,'Hibbing Community College',NULL,NULL,NULL,1),(1135,'Hickey College',NULL,NULL,NULL,1),(1136,'High Point University',NULL,NULL,NULL,1),(1137,'Highland Community College',NULL,NULL,NULL,1),(1138,'Highline Community College',NULL,NULL,NULL,1),(1139,'High-Tech Institute - Atlanta',NULL,NULL,NULL,1),(1140,'Hilbert College',NULL,NULL,NULL,1),(1141,'Hill College',NULL,NULL,NULL,1),(1142,'Hillsborough Community College',NULL,NULL,NULL,1),(1143,'Hillsdale College',NULL,NULL,NULL,1),(1144,'Hillsdale Free Will Baptist College',NULL,NULL,NULL,1),(1145,'Hinds Community College',NULL,NULL,NULL,1),(1146,'Hiram College',NULL,NULL,NULL,1),(1147,'Hiwassee College',NULL,NULL,NULL,1),(1148,'Hobart & William Smith Colleges',NULL,NULL,NULL,1),(1149,'Hobe Sound Bible College',NULL,NULL,NULL,1),(1150,'Hocking College',NULL,NULL,NULL,1),(1151,'Hodges University',NULL,NULL,NULL,1),(1152,'Hofstra University',NULL,NULL,NULL,1),(1153,'Hollins University',NULL,NULL,NULL,1),(1154,'Holmes Community College',NULL,NULL,NULL,1),(1155,'Holy Cross College',NULL,NULL,NULL,1),(1156,'Holy Names University',NULL,NULL,NULL,1),(1157,'Holy Spirit College',NULL,NULL,NULL,1),(1158,'Holyoke Community College',NULL,NULL,NULL,1),(1159,'Hondros College',NULL,NULL,NULL,1),(1160,'Honolulu Community College',NULL,NULL,NULL,1),(1161,'Hood College',NULL,NULL,NULL,1),(1162,'Hope College',NULL,NULL,NULL,1),(1163,'Hope International University',NULL,NULL,NULL,1),(1164,'Hopkinsville Community College',NULL,NULL,NULL,1),(1165,'Horizon College of San Diego',NULL,NULL,NULL,1),(1166,'Horry-Georgetown Technical College',NULL,NULL,NULL,1),(1167,'Houghton College',NULL,NULL,NULL,1),(1168,'Housatonic Community College',NULL,NULL,NULL,1),(1169,'Houston Baptist University',NULL,NULL,NULL,1),(1170,'Howard College',NULL,NULL,NULL,1),(1171,'Howard Community College',NULL,NULL,NULL,1),(1172,'Howard Payne University',NULL,NULL,NULL,1),(1173,'Howard University',NULL,NULL,NULL,1),(1174,'Hudson County Community College',NULL,NULL,NULL,1),(1175,'Hudson Valley Community College',NULL,NULL,NULL,1),(1176,'Huertas Junior College',NULL,NULL,NULL,1),(1177,'Humacao Community College',NULL,NULL,NULL,1),(1178,'Humboldt State University',NULL,NULL,NULL,1),(1179,'Humphreys College - Stockton',NULL,NULL,NULL,1),(1180,'Huntingdon College',NULL,NULL,NULL,1),(1181,'Huntington Junior College',NULL,NULL,NULL,1),(1182,'Huntington University',NULL,NULL,NULL,1),(1183,'Huntsville Bible College',NULL,NULL,NULL,1),(1184,'Husson College',NULL,NULL,NULL,1),(1185,'Huston-Tillotson University',NULL,NULL,NULL,1),(1186,'Hutchinson Community College',NULL,NULL,NULL,1),(1187,'ICC Technical Institute',NULL,NULL,NULL,1),(1188,'ICDC College',NULL,NULL,NULL,1),(1189,'ICDC College - Huntington Park',NULL,NULL,NULL,1),(1190,'ICDC College - Lawndale',NULL,NULL,NULL,1),(1191,'ICDC College - Van Nuys',NULL,NULL,NULL,1),(1192,'ICPR Junior College',NULL,NULL,NULL,1),(1193,'Idaho State University',NULL,NULL,NULL,1),(1194,'Ilisagvik College',NULL,NULL,NULL,1),(1195,'Illinois Central College',NULL,NULL,NULL,1),(1196,'Illinois College',NULL,NULL,NULL,1),(1197,'Illinois College of Optometry',NULL,NULL,NULL,1),(1198,'Illinois Eastern Community Colleges',NULL,NULL,NULL,1),(1199,'Illinois Institute of Technology',NULL,NULL,NULL,1),(1200,'Illinois State University',NULL,NULL,NULL,1),(1201,'Illinois Valley Community College',NULL,NULL,NULL,1),(1202,'Illinois Wesleyan University',NULL,NULL,NULL,1),(1203,'Immaculata University',NULL,NULL,NULL,1),(1204,'IMPAC University',NULL,NULL,NULL,1),(1205,'Imperial Valley College',NULL,NULL,NULL,1),(1206,'Imperial Valley ROP',NULL,NULL,NULL,1),(1207,'Independence Community College',NULL,NULL,NULL,1),(1208,'Independence University',NULL,NULL,NULL,1),(1209,'Indian Hills Community College',NULL,NULL,NULL,1),(1210,'Indian River Community College',NULL,NULL,NULL,1),(1211,'Indiana Institute of Technology',NULL,NULL,NULL,1),(1212,'Indiana State University',NULL,NULL,NULL,1),(1213,'Indiana University Bloomington',NULL,NULL,NULL,1),(1214,'Indiana University East',NULL,NULL,NULL,1),(1215,'Indiana University Kokomo',NULL,NULL,NULL,1),(1216,'Indiana University Northwest',NULL,NULL,NULL,1),(1217,'Indiana University of Pennsylvania',NULL,NULL,NULL,1),(1218,'Indiana University South Bend',NULL,NULL,NULL,1),(1219,'Indiana University Southeast',NULL,NULL,NULL,1),(1220,'Indiana University-Purdue University Fort Way',NULL,NULL,NULL,1),(1221,'Indiana University-Purdue University Indianap',NULL,NULL,NULL,1),(1222,'Indiana Wesleyan University',NULL,NULL,NULL,1),(1223,'Industrial Technical College',NULL,NULL,NULL,1),(1224,'IntelliTec College - Colorado Springs',NULL,NULL,NULL,1),(1225,'IntelliTec College - Grand Junction',NULL,NULL,NULL,1),(1226,'IntelliTec College - Pueblo',NULL,NULL,NULL,1),(1227,'Inter American University of Puerto Rico - Ag',NULL,NULL,NULL,1),(1228,'Inter American University of Puerto Rico - Ar',NULL,NULL,NULL,1),(1229,'Inter American University of Puerto Rico - Ba',NULL,NULL,NULL,1),(1230,'Inter American University of Puerto Rico - Ba',NULL,NULL,NULL,1),(1231,'Inter American University of Puerto Rico - Fa',NULL,NULL,NULL,1),(1232,'Inter American University of Puerto Rico - Gu',NULL,NULL,NULL,1),(1233,'Inter American University of Puerto Rico - Me',NULL,NULL,NULL,1),(1234,'Inter American University of Puerto Rico - Po',NULL,NULL,NULL,1),(1235,'Inter American University of Puerto Rico - Sa',NULL,NULL,NULL,1),(1236,'Intercoast Colleges',NULL,NULL,NULL,1),(1237,'Intercultural Communications College',NULL,NULL,NULL,1),(1238,'Interface College',NULL,NULL,NULL,1),(1239,'International Baptist College',NULL,NULL,NULL,1),(1240,'International Junior College',NULL,NULL,NULL,1),(1241,'International Junior College - Humacao',NULL,NULL,NULL,1),(1242,'International Junior College Ponce College of',NULL,NULL,NULL,1),(1243,'International Mid Pac College',NULL,NULL,NULL,1),(1244,'International Technical College',NULL,NULL,NULL,1),(1245,'International Technological University',NULL,NULL,NULL,1),(1246,'Inver Hills Community College',NULL,NULL,NULL,1),(1247,'Iona College',NULL,NULL,NULL,1),(1248,'Iowa Central Community College',NULL,NULL,NULL,1),(1249,'Iowa Lakes Community College',NULL,NULL,NULL,1),(1250,'Iowa State University',NULL,NULL,NULL,1),(1251,'Iowa Valley Community College - Marshalltown ',NULL,NULL,NULL,1),(1252,'Iowa Wesleyan College',NULL,NULL,NULL,1),(1253,'Iowa Western Community College',NULL,NULL,NULL,1),(1254,'Irvine Valley College',NULL,NULL,NULL,1),(1255,'Isothermal Community College',NULL,NULL,NULL,1),(1256,'Itasca Community College',NULL,NULL,NULL,1),(1257,'Itawamba Community College',NULL,NULL,NULL,1),(1258,'Ithaca College',NULL,NULL,NULL,1),(1259,'Ivy Tech Community College of Indiana',NULL,NULL,NULL,1),(1260,'J F Drake State Technical College',NULL,NULL,NULL,1),(1261,'J F Ingram State Technical College',NULL,NULL,NULL,1),(1262,'J Sargeant Reynolds Community College',NULL,NULL,NULL,1),(1263,'Jackson Community College',NULL,NULL,NULL,1),(1264,'Jackson State Community College',NULL,NULL,NULL,1),(1265,'Jackson State University',NULL,NULL,NULL,1),(1266,'Jacksonville College-Main Campus',NULL,NULL,NULL,1),(1267,'Jacksonville State University',NULL,NULL,NULL,1),(1268,'Jacksonville University',NULL,NULL,NULL,1),(1269,'James A Rhodes State College',NULL,NULL,NULL,1),(1270,'James H Faulkner State Community College',NULL,NULL,NULL,1),(1271,'James Madison University',NULL,NULL,NULL,1),(1272,'James Sprunt Community College',NULL,NULL,NULL,1),(1273,'Jamestown College',NULL,NULL,NULL,1),(1274,'Jamestown Community College',NULL,NULL,NULL,1),(1275,'Jarvis Christian College',NULL,NULL,NULL,1),(1276,'Jefferson College',NULL,NULL,NULL,1),(1277,'Jefferson Community and Technical College',NULL,NULL,NULL,1),(1278,'Jefferson Community College',NULL,NULL,NULL,1),(1279,'Jefferson Davis Community College',NULL,NULL,NULL,1),(1280,'Jefferson State Community College',NULL,NULL,NULL,1),(1281,'Jefferson Technical College',NULL,NULL,NULL,1),(1282,'JEM College',NULL,NULL,NULL,1),(1283,'John A Gupton College',NULL,NULL,NULL,1),(1284,'John A Logan College',NULL,NULL,NULL,1),(1285,'John Brown University',NULL,NULL,NULL,1),(1286,'John C Calhoun State Community College',NULL,NULL,NULL,1),(1287,'John Carroll University',NULL,NULL,NULL,1),(1288,'John Dewey College - San Juan',NULL,NULL,NULL,1),(1289,'John F Kennedy University',NULL,NULL,NULL,1),(1290,'John Paul the Great Catholic University',NULL,NULL,NULL,1),(1291,'John Tracy Clinic',NULL,NULL,NULL,1),(1292,'John Tyler Community College',NULL,NULL,NULL,1),(1293,'John Wood Community College',NULL,NULL,NULL,1),(1294,'Johns Hopkins University',NULL,NULL,NULL,1),(1295,'Johnson & Wales University',NULL,NULL,NULL,1),(1296,'Johnson & Wales University - Charlotte',NULL,NULL,NULL,1),(1297,'Johnson & Wales University - Denver',NULL,NULL,NULL,1),(1298,'Johnson & Wales University - North Miami',NULL,NULL,NULL,1),(1299,'Johnson C Smith University',NULL,NULL,NULL,1),(1300,'Johnson College',NULL,NULL,NULL,1),(1301,'Johnson County Community College',NULL,NULL,NULL,1),(1302,'Johnson State College',NULL,NULL,NULL,1),(1303,'Johnson University',NULL,NULL,NULL,1),(1304,'Johnston Community College',NULL,NULL,NULL,1),(1305,'Joint Special Operations University',NULL,NULL,NULL,1),(1306,'Joliet Junior College',NULL,NULL,NULL,1),(1307,'Jones College',NULL,NULL,NULL,1),(1308,'Jones County Junior College',NULL,NULL,NULL,1),(1309,'Jones International University',NULL,NULL,NULL,1),(1310,'Jose Maria Vargas University',NULL,NULL,NULL,1),(1311,'Judson College',NULL,NULL,NULL,1),(1312,'Juniata College',NULL,NULL,NULL,1),(1313,'Kalamazoo College',NULL,NULL,NULL,1),(1314,'Kalamazoo Valley Community College',NULL,NULL,NULL,1),(1315,'Kanawha Valley Community and Technical Colleg',NULL,NULL,NULL,1),(1316,'Kankakee Community College',NULL,NULL,NULL,1),(1317,'Kansas City College',NULL,NULL,NULL,1),(1318,'Kansas City Kansas Community College',NULL,NULL,NULL,1),(1319,'Kansas State University',NULL,NULL,NULL,1),(1320,'Kansas Wesleyan University',NULL,NULL,NULL,1),(1321,'Kapiolani Community College',NULL,NULL,NULL,1),(1322,'Kaskaskia College',NULL,NULL,NULL,1),(1323,'Kauai Community College',NULL,NULL,NULL,1),(1324,'KD College Conservatory of Film and Dramatic ',NULL,NULL,NULL,1),(1325,'Kean University',NULL,NULL,NULL,1),(1326,'Keene State College',NULL,NULL,NULL,1),(1327,'Keiser University',NULL,NULL,NULL,1),(1328,'Kellogg Community College',NULL,NULL,NULL,1),(1329,'Kendall College',NULL,NULL,NULL,1),(1330,'Kennebec Valley Community College',NULL,NULL,NULL,1),(1331,'Kennedy King College UIC College of Dentistry',NULL,NULL,NULL,1),(1332,'Kennesaw State University',NULL,NULL,NULL,1),(1333,'Kent State University',NULL,NULL,NULL,1),(1334,'Kentucky Christian University',NULL,NULL,NULL,1),(1335,'Kentucky Mountain Bible College',NULL,NULL,NULL,1),(1336,'Kentucky State University',NULL,NULL,NULL,1),(1337,'Kentucky Wesleyan College',NULL,NULL,NULL,1),(1338,'Kenyon College',NULL,NULL,NULL,1),(1339,'Kettering University',NULL,NULL,NULL,1),(1340,'Keuka College',NULL,NULL,NULL,1),(1341,'Keweenaw Bay Ojibwa Community College',NULL,NULL,NULL,1),(1342,'Key College',NULL,NULL,NULL,1),(1343,'Keyskills Learning',NULL,NULL,NULL,1),(1344,'Keystone College',NULL,NULL,NULL,1),(1345,'Keystone Technical Institute',NULL,NULL,NULL,1),(1346,'Kilgore College',NULL,NULL,NULL,1),(1347,'Kilian Community College',NULL,NULL,NULL,1),(1348,'King College',NULL,NULL,NULL,1),(1349,'King\'s College',NULL,NULL,NULL,1),(1350,'Kings County ROP',NULL,NULL,NULL,1),(1351,'Kirkwood Community College',NULL,NULL,NULL,1),(1352,'Kirtland Community College',NULL,NULL,NULL,1),(1353,'Kishwaukee College',NULL,NULL,NULL,1),(1354,'Klamath Community College',NULL,NULL,NULL,1),(1355,'Knox College',NULL,NULL,NULL,1),(1356,'Kona University',NULL,NULL,NULL,1),(1357,'Konocti College of Holistic Studies',NULL,NULL,NULL,1),(1358,'Kutztown University of Pennsylvania',NULL,NULL,NULL,1),(1359,'Kuyper College',NULL,NULL,NULL,1),(1360,'L.E. Fletcher Technical Community College',NULL,NULL,NULL,1),(1361,'LA College International',NULL,NULL,NULL,1),(1362,'La\' James International College',NULL,NULL,NULL,1),(1363,'La Roche College',NULL,NULL,NULL,1),(1364,'La Salle University',NULL,NULL,NULL,1),(1365,'La Sierra University',NULL,NULL,NULL,1),(1366,'Labette Community College',NULL,NULL,NULL,1),(1367,'Lac Courte Oreilles Ojibwa Community College',NULL,NULL,NULL,1),(1368,'L\'Academie de Cuisine',NULL,NULL,NULL,1),(1369,'Lackawanna College',NULL,NULL,NULL,1),(1370,'Lado International College',NULL,NULL,NULL,1),(1371,'Lafayette College',NULL,NULL,NULL,1),(1372,'LaGrange College',NULL,NULL,NULL,1),(1373,'Laguna College of Art and Design',NULL,NULL,NULL,1),(1374,'La\'James International College',NULL,NULL,NULL,1),(1375,'Lake Area Technical Institute',NULL,NULL,NULL,1),(1376,'Lake College',NULL,NULL,NULL,1),(1377,'Lake Erie College',NULL,NULL,NULL,1),(1378,'Lake Forest College',NULL,NULL,NULL,1),(1379,'Lake Land College',NULL,NULL,NULL,1),(1380,'Lake Michigan College',NULL,NULL,NULL,1),(1381,'Lake Region State College',NULL,NULL,NULL,1),(1382,'Lake Superior College',NULL,NULL,NULL,1),(1383,'Lake Superior State University',NULL,NULL,NULL,1),(1384,'Lake Tahoe Community College',NULL,NULL,NULL,1),(1385,'Lake Washington Technical College',NULL,NULL,NULL,1),(1386,'Lakeland College',NULL,NULL,NULL,1),(1387,'Lakeland Community College',NULL,NULL,NULL,1),(1388,'Lakes Region Community College',NULL,NULL,NULL,1),(1389,'Lakeshore Technical College',NULL,NULL,NULL,1),(1390,'Lake-Sumter Community College',NULL,NULL,NULL,1),(1391,'Lakewood College',NULL,NULL,NULL,1),(1392,'Lamar Community College',NULL,NULL,NULL,1),(1393,'Lamar Institute of Technology',NULL,NULL,NULL,1),(1394,'Lamar State College - Orange',NULL,NULL,NULL,1),(1395,'Lamar State College - Port Arthur',NULL,NULL,NULL,1),(1396,'Lamar University',NULL,NULL,NULL,1),(1397,'Lambuth University',NULL,NULL,NULL,1),(1398,'Lamson College',NULL,NULL,NULL,1),(1399,'Lancaster Bible College',NULL,NULL,NULL,1),(1400,'Lander University',NULL,NULL,NULL,1),(1401,'Landmark College',NULL,NULL,NULL,1),(1402,'Lane College',NULL,NULL,NULL,1),(1403,'Lane Community College',NULL,NULL,NULL,1),(1404,'Laney College',NULL,NULL,NULL,1),(1405,'Langston University',NULL,NULL,NULL,1),(1406,'Lanier Technical College',NULL,NULL,NULL,1),(1407,'Lansing Community College',NULL,NULL,NULL,1),(1408,'Laramie County Community College',NULL,NULL,NULL,1),(1409,'Laredo Community College',NULL,NULL,NULL,1),(1410,'Las Positas College',NULL,NULL,NULL,1),(1411,'Lasell College',NULL,NULL,NULL,1),(1412,'Lassen Community College',NULL,NULL,NULL,1),(1413,'LAUREL TECHNICAL COLLEGE',NULL,NULL,NULL,1),(1414,'Laurel University',NULL,NULL,NULL,1),(1415,'Laurus College',NULL,NULL,NULL,1),(1416,'Lawrence Technological University',NULL,NULL,NULL,1),(1417,'Lawrence University',NULL,NULL,NULL,1),(1418,'Le Condon Bleu College of Culinary Arts - Pit',NULL,NULL,NULL,1),(1419,'Le Cordon Bleu College of Culinary Art - Port',NULL,NULL,NULL,1),(1420,'Le Moyne College',NULL,NULL,NULL,1),(1421,'Lebanon College',NULL,NULL,NULL,1),(1422,'Lebanon Valley College',NULL,NULL,NULL,1),(1423,'Lee College',NULL,NULL,NULL,1),(1424,'Lee University',NULL,NULL,NULL,1),(1425,'Leech Lake Tribal College',NULL,NULL,NULL,1),(1426,'Lees-McRae College',NULL,NULL,NULL,1),(1427,'Leeward Community College',NULL,NULL,NULL,1),(1428,'Lehigh Carbon Community College',NULL,NULL,NULL,1),(1429,'Lehigh University',NULL,NULL,NULL,1),(1430,'Lehigh Valley College',NULL,NULL,NULL,1),(1431,'LeMoyne-Owen College',NULL,NULL,NULL,1),(1432,'Lenoir Community College',NULL,NULL,NULL,1),(1433,'Lenoir-Rhyne College',NULL,NULL,NULL,1),(1434,'Lesley University',NULL,NULL,NULL,1),(1435,'Leston College',NULL,NULL,NULL,1),(1436,'LeTourneau University',NULL,NULL,NULL,1),(1437,'Lewis & Clark College',NULL,NULL,NULL,1),(1438,'Lewis and Clark Community College',NULL,NULL,NULL,1),(1439,'Lewis University',NULL,NULL,NULL,1),(1440,'Lewis-Clark State College',NULL,NULL,NULL,1),(1441,'Lexington Baptist College',NULL,NULL,NULL,1),(1442,'Lexington College',NULL,NULL,NULL,1),(1443,'Lexington Community College',NULL,NULL,NULL,1),(1444,'Liberty Technical College',NULL,NULL,NULL,1),(1445,'Liberty University',NULL,NULL,NULL,1),(1446,'Life Pacific College',NULL,NULL,NULL,1),(1447,'Life University',NULL,NULL,NULL,1),(1448,'Lighthouse College',NULL,NULL,NULL,1),(1449,'Limestone College',NULL,NULL,NULL,1),(1450,'Lincoln Christian University',NULL,NULL,NULL,1),(1451,'Lincoln College',NULL,NULL,NULL,1),(1452,'Lincoln Land Community College',NULL,NULL,NULL,1),(1453,'Lincoln Memorial University',NULL,NULL,NULL,1),(1454,'Lincoln University',NULL,NULL,NULL,1),(1455,'Lincoln University of Pennsylvania',NULL,NULL,NULL,1),(1456,'Lindenwood University',NULL,NULL,NULL,1),(1457,'Lindsey Wilson College',NULL,NULL,NULL,1),(1458,'Linfield College',NULL,NULL,NULL,1),(1459,'Linfield College-Portland Campus',NULL,NULL,NULL,1),(1460,'Linn State Technical College',NULL,NULL,NULL,1),(1461,'Linn-Benton Community College',NULL,NULL,NULL,1),(1462,'Lipscomb University',NULL,NULL,NULL,1),(1463,'Little Big Horn College',NULL,NULL,NULL,1),(1464,'Little Priest Tribal College',NULL,NULL,NULL,1),(1465,'Livingstone College',NULL,NULL,NULL,1),(1466,'Lock Haven University of Pennsylvania',NULL,NULL,NULL,1),(1467,'Logan University',NULL,NULL,NULL,1),(1468,'Loma Linda University',NULL,NULL,NULL,1),(1469,'Lon Morris College',NULL,NULL,NULL,1),(1470,'Long Beach City College',NULL,NULL,NULL,1),(1471,'Long Island University - C W Post Campus',NULL,NULL,NULL,1),(1472,'Long Technical College - East Valley',NULL,NULL,NULL,1),(1473,'Longwood University',NULL,NULL,NULL,1),(1474,'Lorain County Community College',NULL,NULL,NULL,1),(1475,'Loras College',NULL,NULL,NULL,1),(1476,'Lord Fairfax Community College',NULL,NULL,NULL,1),(1477,'Lorenzo Walker Institute of Technology',NULL,NULL,NULL,1),(1478,'Los Angeles City College',NULL,NULL,NULL,1),(1479,'Los Angeles County ROP',NULL,NULL,NULL,1),(1480,'Los Angeles Harbor College',NULL,NULL,NULL,1),(1481,'Los Angeles Mission College',NULL,NULL,NULL,1),(1482,'Los Angeles ORT Technical Institute',NULL,NULL,NULL,1),(1483,'Los Angeles Pacific College',NULL,NULL,NULL,1),(1484,'Los Angeles Pierce College',NULL,NULL,NULL,1),(1485,'Los Angeles Southwest College',NULL,NULL,NULL,1),(1486,'Los Angeles Valley College',NULL,NULL,NULL,1),(1487,'Los Medanos College',NULL,NULL,NULL,1),(1488,'Louisburg College',NULL,NULL,NULL,1),(1489,'Louisiana College',NULL,NULL,NULL,1),(1490,'Louisiana Delta Community College',NULL,NULL,NULL,1),(1491,'Louisiana State University - Eunice',NULL,NULL,NULL,1),(1492,'Louisiana State University - Shreveport',NULL,NULL,NULL,1),(1493,'Louisiana State University at Alexandria',NULL,NULL,NULL,1),(1494,'Louisiana Tech University',NULL,NULL,NULL,1),(1495,'Louisville Bible College',NULL,NULL,NULL,1),(1496,'Lourdes College',NULL,NULL,NULL,1),(1497,'Lousiana Technical College',NULL,NULL,NULL,1),(1498,'Lower Columbia College',NULL,NULL,NULL,1),(1499,'Loyola Marymount University',NULL,NULL,NULL,1),(1500,'Loyola University Maryland',NULL,NULL,NULL,1),(1501,'Loyola University New Orleans',NULL,NULL,NULL,1),(1502,'Loyola University of Chicago',NULL,NULL,NULL,1),(1503,'Lubbock Christian University',NULL,NULL,NULL,1),(1504,'Luna Community College',NULL,NULL,NULL,1),(1505,'Lurleen B Wallace Community College',NULL,NULL,NULL,1),(1506,'Luther College',NULL,NULL,NULL,1),(1507,'Luther Midelfort',NULL,NULL,NULL,1),(1508,'Luther Rice University',NULL,NULL,NULL,1),(1509,'Luzerne County Community College',NULL,NULL,NULL,1),(1510,'Lycoming College',NULL,NULL,NULL,1),(1511,'Lynchburg College',NULL,NULL,NULL,1),(1512,'Lyndon State College',NULL,NULL,NULL,1),(1513,'Lynn University',NULL,NULL,NULL,1),(1514,'Lyon College',NULL,NULL,NULL,1),(1515,'Macalester College',NULL,NULL,NULL,1),(1516,'MacCormac College',NULL,NULL,NULL,1),(1517,'Machzikei Hadath Rabbinical College',NULL,NULL,NULL,1),(1518,'MacMurray College',NULL,NULL,NULL,1),(1519,'Macomb Community College',NULL,NULL,NULL,1),(1520,'Macon State College',NULL,NULL,NULL,1),(1521,'Madison Area Technical College',NULL,NULL,NULL,1),(1522,'Madisonville Community College',NULL,NULL,NULL,1),(1523,'Madonna University',NULL,NULL,NULL,1),(1524,'Magdalen College',NULL,NULL,NULL,1),(1525,'Magnolia Bible College',NULL,NULL,NULL,1),(1526,'Maharishi University of Management',NULL,NULL,NULL,1),(1527,'Maine College of Art',NULL,NULL,NULL,1),(1528,'Make-up Designory',NULL,NULL,NULL,1),(1529,'Make-Up Designory - New York',NULL,NULL,NULL,1),(1530,'Malone University',NULL,NULL,NULL,1),(1531,'Manatee Technical Institute',NULL,NULL,NULL,1),(1532,'Manchester College',NULL,NULL,NULL,1),(1533,'Manchester Community College',NULL,NULL,NULL,1),(1534,'Manhattan Area Technical College',NULL,NULL,NULL,1),(1535,'Manhattan Christian College',NULL,NULL,NULL,1),(1536,'Manhattan College',NULL,NULL,NULL,1),(1537,'Manhattanville College',NULL,NULL,NULL,1),(1538,'Manor College',NULL,NULL,NULL,1),(1539,'Mansfield University of Pennsylvania',NULL,NULL,NULL,1),(1540,'Maranatha Baptist Bible College',NULL,NULL,NULL,1),(1541,'Maria College',NULL,NULL,NULL,1),(1542,'Marian College',NULL,NULL,NULL,1),(1543,'Marian Court College',NULL,NULL,NULL,1),(1544,'Marian University',NULL,NULL,NULL,1),(1545,'Maric College - Anaheim',NULL,NULL,NULL,1),(1546,'Maric College - Bakersfield',NULL,NULL,NULL,1),(1547,'Maric College - Carson',NULL,NULL,NULL,1),(1548,'Maric College - Los Angeles',NULL,NULL,NULL,1),(1549,'Maric College - Pomona',NULL,NULL,NULL,1),(1550,'Maric College - San Diego',NULL,NULL,NULL,1),(1551,'Maricopa Community Colleges - Chandler-Gilber',NULL,NULL,NULL,1),(1552,'Maricopa Community Colleges - Estrella Mounta',NULL,NULL,NULL,1),(1553,'Maricopa Community Colleges - Gateway Communi',NULL,NULL,NULL,1),(1554,'Maricopa Community Colleges - Glendale Commun',NULL,NULL,NULL,1),(1555,'Maricopa Community Colleges - Mesa Community ',NULL,NULL,NULL,1),(1556,'Maricopa Community Colleges - Paradise Valley',NULL,NULL,NULL,1),(1557,'Maricopa Community Colleges - Phoenix College',NULL,NULL,NULL,1),(1558,'Maricopa Community Colleges - Rio Salado Comm',NULL,NULL,NULL,1),(1559,'Maricopa Community Colleges - Scottsdale Comm',NULL,NULL,NULL,1),(1560,'Maricopa Community Colleges - South Mountain ',NULL,NULL,NULL,1),(1561,'Marietta College',NULL,NULL,NULL,1),(1562,'Marine Corps University',NULL,NULL,NULL,1),(1563,'Marion Technical College',NULL,NULL,NULL,1),(1564,'Marist College',NULL,NULL,NULL,1),(1565,'Marlboro College',NULL,NULL,NULL,1),(1566,'Marquette University',NULL,NULL,NULL,1),(1567,'Mars Hill College',NULL,NULL,NULL,1),(1568,'Marshall University',NULL,NULL,NULL,1),(1569,'Martin Community College',NULL,NULL,NULL,1),(1570,'Martin Luther College',NULL,NULL,NULL,1),(1571,'Martin Methodist College',NULL,NULL,NULL,1),(1572,'Martin University',NULL,NULL,NULL,1),(1573,'Mary Baldwin College',NULL,NULL,NULL,1),(1574,'Marycrest International University',NULL,NULL,NULL,1),(1575,'Marygrove College',NULL,NULL,NULL,1),(1576,'Marylhurst University',NULL,NULL,NULL,1),(1577,'Marymount College',NULL,NULL,NULL,1),(1578,'Marymount College of Fordham University',NULL,NULL,NULL,1),(1579,'Marymount Manhattan College',NULL,NULL,NULL,1),(1580,'Marymount University',NULL,NULL,NULL,1),(1581,'Maryville College',NULL,NULL,NULL,1),(1582,'Maryville University of Saint Louis',NULL,NULL,NULL,1),(1583,'Marywood University',NULL,NULL,NULL,1),(1584,'Massachusetts Bay Community College',NULL,NULL,NULL,1),(1585,'Massachusetts College of Art',NULL,NULL,NULL,1),(1586,'Massachusetts College of Liberal Arts',NULL,NULL,NULL,1),(1587,'Massachusetts Institute of Technology',NULL,NULL,NULL,1),(1588,'Massasoit Community College',NULL,NULL,NULL,1),(1589,'MassBay Community College',NULL,NULL,NULL,1),(1590,'Mater Ecclesiae College',NULL,NULL,NULL,1),(1591,'Maternidad La Luz',NULL,NULL,NULL,1),(1592,'Mauna Loa Helicopters',NULL,NULL,NULL,1),(1593,'Mayfield College',NULL,NULL,NULL,1),(1594,'Mayland Community College',NULL,NULL,NULL,1),(1595,'Maysville Community and Technical College',NULL,NULL,NULL,1),(1596,'Mayville State University',NULL,NULL,NULL,1),(1597,'McDaniel College',NULL,NULL,NULL,1),(1598,'McDowell Technical Community College',NULL,NULL,NULL,1),(1599,'McHenry County College',NULL,NULL,NULL,1),(1600,'MCI Institute of Technology',NULL,NULL,NULL,1),(1601,'McIntosh College',NULL,NULL,NULL,1),(1602,'McKendree University',NULL,NULL,NULL,1),(1603,'McKinley College',NULL,NULL,NULL,1),(1604,'McLennan Community College',NULL,NULL,NULL,1),(1605,'McMurry University',NULL,NULL,NULL,1),(1606,'McNeese State University',NULL,NULL,NULL,1),(1607,'McPherson College',NULL,NULL,NULL,1),(1608,'Med Tech College - Indianapolis',NULL,NULL,NULL,1),(1609,'Medacom College',NULL,NULL,NULL,1),(1610,'Medaille College',NULL,NULL,NULL,1),(1611,'Mediatech Institute',NULL,NULL,NULL,1),(1612,'Medix College',NULL,NULL,NULL,1),(1613,'Memphis College of Art',NULL,NULL,NULL,1),(1614,'Mendocino College',NULL,NULL,NULL,1),(1615,'Menlo College',NULL,NULL,NULL,1),(1616,'Merce Cunningham Studio',NULL,NULL,NULL,1),(1617,'Merced College',NULL,NULL,NULL,1),(1618,'Mercer County Community College',NULL,NULL,NULL,1),(1619,'Mercer University',NULL,NULL,NULL,1),(1620,'Mercer University - Atlanta',NULL,NULL,NULL,1),(1621,'Mercy College - Dobbs Ferry',NULL,NULL,NULL,1),(1622,'Mercy College of Northwest Ohio',NULL,NULL,NULL,1),(1623,'Mercyhurst College',NULL,NULL,NULL,1),(1624,'Meredith College',NULL,NULL,NULL,1),(1625,'Meridian Community College',NULL,NULL,NULL,1),(1626,'Merrimack College',NULL,NULL,NULL,1),(1627,'Merritt College',NULL,NULL,NULL,1),(1628,'Mesa Community College - Boswell',NULL,NULL,NULL,1),(1629,'Mesa State College',NULL,NULL,NULL,1),(1630,'Mesabi Range Community and Technical College',NULL,NULL,NULL,1),(1631,'Mesalands Community College',NULL,NULL,NULL,1),(1632,'Messenger College',NULL,NULL,NULL,1),(1633,'Messiah College',NULL,NULL,NULL,1),(1634,'Methodist College',NULL,NULL,NULL,1),(1635,'Metropolitan College',NULL,NULL,NULL,1),(1636,'Metropolitan College of New York',NULL,NULL,NULL,1),(1637,'Metropolitan Community College',NULL,NULL,NULL,1),(1638,'Metropolitan Community College - Kansas City',NULL,NULL,NULL,1),(1639,'Metropolitan State College of Denver',NULL,NULL,NULL,1),(1640,'Metropolitan State University',NULL,NULL,NULL,1),(1641,'Miami Dade College',NULL,NULL,NULL,1),(1642,'Miami International University of Art and Des',NULL,NULL,NULL,1),(1643,'Miami University',NULL,NULL,NULL,1),(1644,'Michigan State University',NULL,NULL,NULL,1),(1645,'Michigan State University College of Law',NULL,NULL,NULL,1),(1646,'Michigan Technological University',NULL,NULL,NULL,1),(1647,'Mid Florida Tech',NULL,NULL,NULL,1),(1648,'Mid Michigan Community College',NULL,NULL,NULL,1),(1649,'Mid-America Christian University',NULL,NULL,NULL,1),(1650,'Mid-America College of Funeral Service',NULL,NULL,NULL,1),(1651,'MidAmerica Nazarene University',NULL,NULL,NULL,1),(1652,'Mid-Atlantic Christian University',NULL,NULL,NULL,1),(1653,'Mid-Continent University',NULL,NULL,NULL,1),(1654,'Middle Bucks Institute of Technology',NULL,NULL,NULL,1),(1655,'Middle Georgia College',NULL,NULL,NULL,1),(1656,'Middle Georgia Technical College',NULL,NULL,NULL,1),(1657,'Middle Tennessee State University',NULL,NULL,NULL,1),(1658,'Middlebury College',NULL,NULL,NULL,1),(1659,'Middlesex Community College - Bedford',NULL,NULL,NULL,1),(1660,'Middlesex Community College - Middletown',NULL,NULL,NULL,1),(1661,'Middlesex County College',NULL,NULL,NULL,1),(1662,'Midland College',NULL,NULL,NULL,1),(1663,'Midland Lutheran College',NULL,NULL,NULL,1),(1664,'Midlands Technical College',NULL,NULL,NULL,1),(1665,'Mid-Plains Community College - South Campus',NULL,NULL,NULL,1),(1666,'Mid-South Christian College',NULL,NULL,NULL,1),(1667,'Mid-South Community College',NULL,NULL,NULL,1),(1668,'Midstate College',NULL,NULL,NULL,1),(1669,'Mid-State Technical College',NULL,NULL,NULL,1),(1670,'Midway College',NULL,NULL,NULL,1),(1671,'Midwest Technical Institute',NULL,NULL,NULL,1),(1672,'Midwest Technical Institute - East Peoria',NULL,NULL,NULL,1),(1673,'Midwest University',NULL,NULL,NULL,1),(1674,'Midwestern State University',NULL,NULL,NULL,1),(1675,'Midwestern University',NULL,NULL,NULL,1),(1676,'Midwives College of Utah',NULL,NULL,NULL,1),(1677,'Mildred Elley',NULL,NULL,NULL,1),(1678,'Miles College',NULL,NULL,NULL,1),(1679,'Miles Community College',NULL,NULL,NULL,1),(1680,'Millennia Atlantic University',NULL,NULL,NULL,1),(1681,'Miller-Motte Technical College - Clarksville',NULL,NULL,NULL,1),(1682,'Miller-Motte Technical College - Lynchburg',NULL,NULL,NULL,1),(1683,'Millersville University of Pennsylvania',NULL,NULL,NULL,1),(1684,'Milligan College',NULL,NULL,NULL,1),(1685,'Millikin University',NULL,NULL,NULL,1),(1686,'Mills College',NULL,NULL,NULL,1),(1687,'Millsaps College',NULL,NULL,NULL,1),(1688,'Milwaukee Area Technical College',NULL,NULL,NULL,1),(1689,'Mineral Area College',NULL,NULL,NULL,1),(1690,'Minneapolis College of Art and Design',NULL,NULL,NULL,1),(1691,'Minneapolis Community and Technical College',NULL,NULL,NULL,1),(1692,'Minnesota State College-Southeast Technical',NULL,NULL,NULL,1),(1693,'Minnesota State Community and Technical Colle',NULL,NULL,NULL,1),(1694,'Minnesota State University - Mankato',NULL,NULL,NULL,1),(1695,'Minnesota State University - Moorhead',NULL,NULL,NULL,1),(1696,'Minnesota West Community and Technical Colleg',NULL,NULL,NULL,1),(1697,'Minot State University',NULL,NULL,NULL,1),(1698,'Minot State University-Bottineau Campus',NULL,NULL,NULL,1),(1699,'Miracosta College',NULL,NULL,NULL,1),(1700,'Mission College',NULL,NULL,NULL,1),(1701,'Mississippi College',NULL,NULL,NULL,1),(1702,'Mississippi Delta Community College',NULL,NULL,NULL,1),(1703,'Mississippi Gulf Coast Community College',NULL,NULL,NULL,1),(1704,'Mississippi State University',NULL,NULL,NULL,1),(1705,'Mississippi University for Women',NULL,NULL,NULL,1),(1706,'Mississippi Valley State University',NULL,NULL,NULL,1),(1707,'Missouri Baptist University',NULL,NULL,NULL,1),(1708,'Missouri Southern State University',NULL,NULL,NULL,1),(1709,'Missouri State University',NULL,NULL,NULL,1),(1710,'Missouri State University-West Plains',NULL,NULL,NULL,1),(1711,'Missouri Tech',NULL,NULL,NULL,1),(1712,'Missouri University of Science and Technology',NULL,NULL,NULL,1),(1713,'Missouri Valley College',NULL,NULL,NULL,1),(1714,'Missouri Western State University',NULL,NULL,NULL,1),(1715,'Mitchell College',NULL,NULL,NULL,1),(1716,'Mitchell Community College',NULL,NULL,NULL,1),(1717,'Mitchell Technical Institute',NULL,NULL,NULL,1),(1718,'Moberly Area Community College',NULL,NULL,NULL,1),(1719,'Modern Institute of Technology',NULL,NULL,NULL,1),(1720,'Modesto Junior College',NULL,NULL,NULL,1),(1721,'Mohave Community College',NULL,NULL,NULL,1),(1722,'Mohawk Valley Community College',NULL,NULL,NULL,1),(1723,'Molloy College',NULL,NULL,NULL,1),(1724,'Monmouth College',NULL,NULL,NULL,1),(1725,'Monmouth University',NULL,NULL,NULL,1),(1726,'Monroe College',NULL,NULL,NULL,1),(1727,'Monroe Community College',NULL,NULL,NULL,1),(1728,'Monroe County Community College',NULL,NULL,NULL,1),(1729,'Montana Bible College',NULL,NULL,NULL,1),(1730,'Montana State University - Billings',NULL,NULL,NULL,1),(1731,'Montana State University - Bozeman',NULL,NULL,NULL,1),(1732,'Montana State University - Great Falls Colleg',NULL,NULL,NULL,1),(1733,'Montana State University - Northern',NULL,NULL,NULL,1),(1734,'Montana Tech of the University of Montana',NULL,NULL,NULL,1),(1735,'Montcalm Community College',NULL,NULL,NULL,1),(1736,'Montclair State University',NULL,NULL,NULL,1),(1737,'Monterey Peninsula College',NULL,NULL,NULL,1),(1738,'Montgomery College Rockville Campus',NULL,NULL,NULL,1),(1739,'Montgomery Community College',NULL,NULL,NULL,1),(1740,'Montgomery County Community College',NULL,NULL,NULL,1),(1741,'Montreat College',NULL,NULL,NULL,1),(1742,'Montserrat College of Art',NULL,NULL,NULL,1),(1743,'Moore College of Art and Design',NULL,NULL,NULL,1),(1744,'Moorpark College',NULL,NULL,NULL,1),(1745,'Moraine Park Technical College',NULL,NULL,NULL,1),(1746,'Moraine Valley Community College',NULL,NULL,NULL,1),(1747,'Morehead State University',NULL,NULL,NULL,1),(1748,'Morehouse College',NULL,NULL,NULL,1),(1749,'Moreno Valley College',NULL,NULL,NULL,1),(1750,'Morgan Community College',NULL,NULL,NULL,1),(1751,'Morgan State University',NULL,NULL,NULL,1),(1752,'Morningside College',NULL,NULL,NULL,1),(1753,'Morris College',NULL,NULL,NULL,1),(1754,'Morrison Institute of Technology',NULL,NULL,NULL,1),(1755,'Morton College',NULL,NULL,NULL,1),(1756,'Motlow State Community College',NULL,NULL,NULL,1),(1757,'Moultrie Technical College',NULL,NULL,NULL,1),(1758,'Mount Aloysius College',NULL,NULL,NULL,1),(1759,'Mount Holyoke College',NULL,NULL,NULL,1),(1760,'Mount Ida College',NULL,NULL,NULL,1),(1761,'Mount Marty College',NULL,NULL,NULL,1),(1762,'Mount Mary College',NULL,NULL,NULL,1),(1763,'Mount Mercy College',NULL,NULL,NULL,1),(1764,'Mount Olive College',NULL,NULL,NULL,1),(1765,'Mount Saint Mary College',NULL,NULL,NULL,1),(1766,'Mount Senario College',NULL,NULL,NULL,1),(1767,'Mount St Mary\'s University',NULL,NULL,NULL,1),(1768,'Mount St. Mary\'s College',NULL,NULL,NULL,1),(1769,'Mount Vernon Nazarene University',NULL,NULL,NULL,1),(1770,'Mount Wachusett Community College',NULL,NULL,NULL,1),(1771,'Mountain Empire Community College',NULL,NULL,NULL,1),(1772,'Mountain State College',NULL,NULL,NULL,1),(1773,'Mountain State University',NULL,NULL,NULL,1),(1774,'Mountain View College',NULL,NULL,NULL,1),(1775,'Mountwest Community and Technical College',NULL,NULL,NULL,1),(1776,'Mt San Antonio College',NULL,NULL,NULL,1),(1777,'Mt San Jacinto College',NULL,NULL,NULL,1),(1778,'Mt Sierra College',NULL,NULL,NULL,1),(1779,'Mt. Hood Community College',NULL,NULL,NULL,1),(1780,'MTI College',NULL,NULL,NULL,1),(1781,'Mueller College',NULL,NULL,NULL,1),(1782,'Muhlenberg College',NULL,NULL,NULL,1),(1783,'Multnomah University',NULL,NULL,NULL,1),(1784,'Murray State College',NULL,NULL,NULL,1),(1785,'Murray State University',NULL,NULL,NULL,1),(1786,'Muskegon Community College',NULL,NULL,NULL,1),(1787,'Muskingum University',NULL,NULL,NULL,1),(1788,'NAES College',NULL,NULL,NULL,1),(1789,'Napa Valley College',NULL,NULL,NULL,1),(1790,'Naropa University',NULL,NULL,NULL,1),(1791,'Nash Community College',NULL,NULL,NULL,1),(1792,'Nashville Auto Diesel College Inc',NULL,NULL,NULL,1),(1793,'Nashville State Community College',NULL,NULL,NULL,1),(1794,'Nassau Community College',NULL,NULL,NULL,1),(1795,'National American University - Rapid City',NULL,NULL,NULL,1),(1796,'National College - Indianapolis',NULL,NULL,NULL,1),(1797,'National College - Salem',NULL,NULL,NULL,1),(1798,'National College of Midwifery',NULL,NULL,NULL,1),(1799,'National College of Technical Instruction',NULL,NULL,NULL,1),(1800,'National Institute of Technology',NULL,NULL,NULL,1),(1801,'National Labor College',NULL,NULL,NULL,1),(1802,'National Paralegal College',NULL,NULL,NULL,1),(1803,'National Park Community College',NULL,NULL,NULL,1),(1804,'National Polytechnic College',NULL,NULL,NULL,1),(1805,'National Polytechnic College of Science',NULL,NULL,NULL,1),(1806,'National Technological University',NULL,NULL,NULL,1),(1807,'National University',NULL,NULL,NULL,1),(1808,'National University College - Bayamon',NULL,NULL,NULL,1),(1809,'National-Louis University',NULL,NULL,NULL,1),(1810,'Naugatuck Valley Community College',NULL,NULL,NULL,1),(1811,'Navajo Technical College',NULL,NULL,NULL,1),(1812,'Navarro College',NULL,NULL,NULL,1),(1813,'Nazarene Bible College',NULL,NULL,NULL,1),(1814,'Nazareth College of Rochester',NULL,NULL,NULL,1),(1815,'Nebraska Christian College',NULL,NULL,NULL,1),(1816,'Nebraska College of Technical Agriculture',NULL,NULL,NULL,1),(1817,'Nebraska Indian Community College',NULL,NULL,NULL,1),(1818,'Nebraska Wesleyan University',NULL,NULL,NULL,1),(1819,'Neosho County Community College',NULL,NULL,NULL,1),(1820,'Ner Israel Rabbinical College',NULL,NULL,NULL,1),(1821,'Neumann University',NULL,NULL,NULL,1),(1822,'Neumont University',NULL,NULL,NULL,1),(1823,'Nevada State College at Henderson',NULL,NULL,NULL,1),(1824,'New Charter University',NULL,NULL,NULL,1),(1825,'New College of California',NULL,NULL,NULL,1),(1826,'New College of Florida',NULL,NULL,NULL,1),(1827,'New England College',NULL,NULL,NULL,1),(1828,'New England College of Optometry',NULL,NULL,NULL,1),(1829,'New England Institute of Technology',NULL,NULL,NULL,1),(1830,'New Hampshire Community Technical College - B',NULL,NULL,NULL,1),(1831,'New Hampshire Community Technical College - C',NULL,NULL,NULL,1),(1832,'New Hampshire Community Technical College - M',NULL,NULL,NULL,1),(1833,'New Hampshire Community Technical College - N',NULL,NULL,NULL,1),(1834,'New Hampshire Technical Institute',NULL,NULL,NULL,1),(1835,'New Hamsphire Community Technical College-Ber',NULL,NULL,NULL,1),(1836,'New Jersey City University',NULL,NULL,NULL,1),(1837,'New Jersey Institute of Technology',NULL,NULL,NULL,1),(1838,'New Learning Resources Online',NULL,NULL,NULL,1),(1839,'New Mexico Highlands University',NULL,NULL,NULL,1),(1840,'New Mexico Institute of Mining and Technology',NULL,NULL,NULL,1),(1841,'New Mexico Junior College',NULL,NULL,NULL,1),(1842,'New Mexico State University',NULL,NULL,NULL,1),(1843,'New Mexico State University - Carlsbad',NULL,NULL,NULL,1),(1844,'New Mexico State University at Alamogordo',NULL,NULL,NULL,1),(1845,'New Professions Technical Institute',NULL,NULL,NULL,1),(1846,'New River Community and Technical College',NULL,NULL,NULL,1),(1847,'New River Community College',NULL,NULL,NULL,1),(1848,'New Saint Andrews College',NULL,NULL,NULL,1),(1849,'New York Institute of Technology - Old Westbu',NULL,NULL,NULL,1),(1850,'New York Institute of Technology-Manhattan Ca',NULL,NULL,NULL,1),(1851,'New York Technical Institute of Hawaii',NULL,NULL,NULL,1),(1852,'New York University',NULL,NULL,NULL,1),(1853,'Newberry College',NULL,NULL,NULL,1),(1854,'Newbridge College',NULL,NULL,NULL,1),(1855,'Newbridge College - El Cajon',NULL,NULL,NULL,1),(1856,'Newbridge College - Long Beach',NULL,NULL,NULL,1),(1857,'Newbridge College-Burbank',NULL,NULL,NULL,1),(1858,'Newbridge College-Monterey Park',NULL,NULL,NULL,1),(1859,'Newbridge College-Stanton',NULL,NULL,NULL,1),(1860,'Newbury College-Brookline',NULL,NULL,NULL,1),(1861,'Newman University',NULL,NULL,NULL,1),(1862,'Niagara County Community College',NULL,NULL,NULL,1),(1863,'Niagara University',NULL,NULL,NULL,1),(1864,'Nicholls State University',NULL,NULL,NULL,1),(1865,'Nichols College',NULL,NULL,NULL,1),(1866,'Nicolet Area Technical College',NULL,NULL,NULL,1),(1867,'Norco College',NULL,NULL,NULL,1),(1868,'Norfolk State University',NULL,NULL,NULL,1),(1869,'Normandale Community College',NULL,NULL,NULL,1),(1870,'North American College',NULL,NULL,NULL,1),(1871,'North Arkansas College',NULL,NULL,NULL,1),(1872,'North Carolina A & T State University',NULL,NULL,NULL,1),(1873,'North Carolina Central University',NULL,NULL,NULL,1),(1874,'North Carolina State University',NULL,NULL,NULL,1),(1875,'North Carolina Wesleyan College',NULL,NULL,NULL,1),(1876,'North Central College',NULL,NULL,NULL,1),(1877,'North Central Kansas Technical College',NULL,NULL,NULL,1),(1878,'North Central Michigan College',NULL,NULL,NULL,1),(1879,'North Central Missouri College',NULL,NULL,NULL,1),(1880,'North Central State College',NULL,NULL,NULL,1),(1881,'North Central Texas College',NULL,NULL,NULL,1),(1882,'North Central University',NULL,NULL,NULL,1),(1883,'North Country Community College',NULL,NULL,NULL,1),(1884,'North Dakota State College of Science',NULL,NULL,NULL,1),(1885,'North Dakota State University - Main Campus',NULL,NULL,NULL,1),(1886,'North Florida Community College',NULL,NULL,NULL,1),(1887,'North Georgia College & State University',NULL,NULL,NULL,1),(1888,'North Georgia Technical College',NULL,NULL,NULL,1),(1889,'North Greenville University',NULL,NULL,NULL,1),(1890,'North Harris Montgomery Community College Dis',NULL,NULL,NULL,1),(1891,'North Hennepin Community College',NULL,NULL,NULL,1),(1892,'North Idaho College',NULL,NULL,NULL,1),(1893,'North Iowa Area Community College',NULL,NULL,NULL,1),(1894,'North Lake College',NULL,NULL,NULL,1),(1895,'North Metro Technical College',NULL,NULL,NULL,1),(1896,'North Park University',NULL,NULL,NULL,1),(1897,'North Seattle Community College',NULL,NULL,NULL,1),(1898,'North Shore Community College',NULL,NULL,NULL,1),(1899,'Northampton County Area Community College',NULL,NULL,NULL,1),(1900,'Northcentral Technical College',NULL,NULL,NULL,1),(1901,'Northcentral University',NULL,NULL,NULL,1),(1902,'Northeast Alabama Community College',NULL,NULL,NULL,1),(1903,'Northeast Community College',NULL,NULL,NULL,1),(1904,'Northeast Iowa Community College',NULL,NULL,NULL,1),(1905,'Northeast Kansas Technical College',NULL,NULL,NULL,1),(1906,'Northeast Mississippi Community College',NULL,NULL,NULL,1),(1907,'Northeast State Technical Community College',NULL,NULL,NULL,1),(1908,'Northeast Technical Institute',NULL,NULL,NULL,1),(1909,'Northeast Texas Community College',NULL,NULL,NULL,1),(1910,'Northeast Wisconsin Technical College',NULL,NULL,NULL,1),(1911,'Northeastern Illinois University',NULL,NULL,NULL,1),(1912,'Northeastern Junior College',NULL,NULL,NULL,1),(1913,'Northeastern Oklahoma A&M College',NULL,NULL,NULL,1),(1914,'Northeastern State University',NULL,NULL,NULL,1),(1915,'Northeastern Technical College',NULL,NULL,NULL,1),(1916,'Northeastern University',NULL,NULL,NULL,1),(1917,'Northern Arizona University',NULL,NULL,NULL,1),(1918,'Northern Essex Community College',NULL,NULL,NULL,1),(1919,'Northern Illinois University',NULL,NULL,NULL,1),(1920,'Northern Illinois University Dietetic Intersh',NULL,NULL,NULL,1),(1921,'Northern Kentucky University',NULL,NULL,NULL,1),(1922,'Northern Maine Community College',NULL,NULL,NULL,1),(1923,'Northern Marianas College',NULL,NULL,NULL,1),(1924,'Northern Michigan University',NULL,NULL,NULL,1),(1925,'Northern New Mexico College',NULL,NULL,NULL,1),(1926,'Northern Oklahoma College',NULL,NULL,NULL,1),(1927,'Northern State University',NULL,NULL,NULL,1),(1928,'Northern Virginia Community College',NULL,NULL,NULL,1),(1929,'Northern Wyoming Community College District -',NULL,NULL,NULL,1),(1930,'Northland College',NULL,NULL,NULL,1),(1931,'Northland Community and Technical College',NULL,NULL,NULL,1),(1932,'Northland International University',NULL,NULL,NULL,1),(1933,'Northland Pioneer College',NULL,NULL,NULL,1),(1934,'NorthWest Arkansas Community College',NULL,NULL,NULL,1),(1935,'Northwest Aviation College',NULL,NULL,NULL,1),(1936,'Northwest Christian University',NULL,NULL,NULL,1),(1937,'Northwest College',NULL,NULL,NULL,1),(1938,'North-West College - Glendale',NULL,NULL,NULL,1),(1939,'Northwest College - Hillsboro',NULL,NULL,NULL,1),(1940,'North-West College - Pasadena',NULL,NULL,NULL,1),(1941,'North-West College - Pomona',NULL,NULL,NULL,1),(1942,'North-West College - Riverside',NULL,NULL,NULL,1),(1943,'Northwest College of Art',NULL,NULL,NULL,1),(1944,'North-West College-West Covina',NULL,NULL,NULL,1),(1945,'Northwest Indian College',NULL,NULL,NULL,1),(1946,'Northwest Iowa Community College',NULL,NULL,NULL,1),(1947,'Northwest Kansas Technical College',NULL,NULL,NULL,1),(1948,'Northwest Lineman College',NULL,NULL,NULL,1),(1949,'Northwest Lineman College - Oroville Campus',NULL,NULL,NULL,1),(1950,'Northwest Mississippi Community College',NULL,NULL,NULL,1),(1951,'Northwest Missouri State University',NULL,NULL,NULL,1),(1952,'Northwest Nazarene University',NULL,NULL,NULL,1),(1953,'Northwest Regional Technology Institute',NULL,NULL,NULL,1),(1954,'Northwest State Community College',NULL,NULL,NULL,1),(1955,'Northwest Technical College',NULL,NULL,NULL,1),(1956,'Northwest Technical Institute',NULL,NULL,NULL,1),(1957,'Northwest University',NULL,NULL,NULL,1),(1958,'Northwest Vista College',NULL,NULL,NULL,1),(1959,'Northwestern College',NULL,NULL,NULL,1),(1960,'Northwestern College - Chicago',NULL,NULL,NULL,1),(1961,'Northwestern Connecticut Community College',NULL,NULL,NULL,1),(1962,'Northwestern Michigan College',NULL,NULL,NULL,1),(1963,'Northwestern Oklahoma State University',NULL,NULL,NULL,1),(1964,'Northwestern Polytechnic University',NULL,NULL,NULL,1),(1965,'Northwestern State University of Louisiana',NULL,NULL,NULL,1),(1966,'Northwestern Technical College',NULL,NULL,NULL,1),(1967,'Northwestern Technological Institute',NULL,NULL,NULL,1),(1968,'Northwestern University',NULL,NULL,NULL,1),(1969,'Northwest-Shoals Community College - Muscle S',NULL,NULL,NULL,1),(1970,'Northwest-Shoals Community College - Phil Cam',NULL,NULL,NULL,1),(1971,'Northwood University',NULL,NULL,NULL,1),(1972,'Norwalk Community College',NULL,NULL,NULL,1),(1973,'Norwich University',NULL,NULL,NULL,1),(1974,'Nossi College of Art',NULL,NULL,NULL,1),(1975,'Notre Dame College',NULL,NULL,NULL,1),(1976,'Notre Dame de Namur University',NULL,NULL,NULL,1),(1977,'Nova College de Puerto Rico',NULL,NULL,NULL,1),(1978,'Nova Southeastern University',NULL,NULL,NULL,1),(1979,'Nunez Community College',NULL,NULL,NULL,1),(1980,'Nyack College',NULL,NULL,NULL,1),(1981,'Oak Hills Christian College',NULL,NULL,NULL,1),(1982,'Oakland City University',NULL,NULL,NULL,1),(1983,'Oakland Community College',NULL,NULL,NULL,1),(1984,'Oakland University',NULL,NULL,NULL,1),(1985,'Oakton Community College',NULL,NULL,NULL,1),(1986,'Oakwood University',NULL,NULL,NULL,1),(1987,'Oberlin College',NULL,NULL,NULL,1),(1988,'Ocean County College',NULL,NULL,NULL,1),(1989,'Oconee Fall Line Technical College',NULL,NULL,NULL,1),(1990,'Odessa College',NULL,NULL,NULL,1),(1991,'Ogden-Weber Applied Technology College',NULL,NULL,NULL,1),(1992,'Ogeechee Technical College',NULL,NULL,NULL,1),(1993,'Oglala Lakota College',NULL,NULL,NULL,1),(1994,'Oglethorpe University',NULL,NULL,NULL,1),(1995,'Ohio Christian University',NULL,NULL,NULL,1),(1996,'Ohio Dominican University',NULL,NULL,NULL,1),(1997,'Ohio Northern University',NULL,NULL,NULL,1),(1998,'Ohio State University',NULL,NULL,NULL,1),(1999,'Ohio State University Agricultural Technical ',NULL,NULL,NULL,1),(2000,'Ohio Technical College',NULL,NULL,NULL,1),(2001,'Ohio University - Main Campus',NULL,NULL,NULL,1),(2002,'Ohio Valley College of Technology',NULL,NULL,NULL,1),(2003,'Ohio Valley University',NULL,NULL,NULL,1),(2004,'Ohio Wesleyan University',NULL,NULL,NULL,1),(2005,'Ohlone College',NULL,NULL,NULL,1),(2006,'Okaloosa-Walton College',NULL,NULL,NULL,1),(2007,'Okefenokee Technical College',NULL,NULL,NULL,1),(2008,'Oklahoma Baptist University',NULL,NULL,NULL,1),(2009,'Oklahoma Christian University',NULL,NULL,NULL,1),(2010,'Oklahoma City Community College',NULL,NULL,NULL,1),(2011,'Oklahoma City University',NULL,NULL,NULL,1),(2012,'Oklahoma Panhandle State University',NULL,NULL,NULL,1),(2013,'Oklahoma State University',NULL,NULL,NULL,1),(2014,'Oklahoma State University - Oklahoma City',NULL,NULL,NULL,1),(2015,'Oklahoma State University of Technology - Okm',NULL,NULL,NULL,1),(2016,'Oklahoma Wesleyan University',NULL,NULL,NULL,1),(2017,'Old Dominion University',NULL,NULL,NULL,1),(2018,'Olivet College',NULL,NULL,NULL,1),(2019,'Olivet Nazarene University',NULL,NULL,NULL,1),(2020,'Olivet University',NULL,NULL,NULL,1),(2021,'Olympic College',NULL,NULL,NULL,1),(2022,'Omnitech Institute',NULL,NULL,NULL,1),(2023,'O\'More College of Design',NULL,NULL,NULL,1),(2024,'Onondaga Community College',NULL,NULL,NULL,1),(2025,'Open Hearts International College',NULL,NULL,NULL,1),(2026,'Oral Roberts University',NULL,NULL,NULL,1),(2027,'Orange Coast College',NULL,NULL,NULL,1),(2028,'Orange County Community College',NULL,NULL,NULL,1),(2029,'Orangeburg Calhoun Technical College',NULL,NULL,NULL,1),(2030,'Oregon College of Art and Craft',NULL,NULL,NULL,1),(2031,'Oregon Institute of Technology',NULL,NULL,NULL,1),(2032,'Oregon State University',NULL,NULL,NULL,1),(2033,'Orleans Technical Institute',NULL,NULL,NULL,1),(2034,'Otero Junior College',NULL,NULL,NULL,1),(2035,'Otis College of Art and Design',NULL,NULL,NULL,1),(2036,'Ottawa University',NULL,NULL,NULL,1),(2037,'Otterbein College',NULL,NULL,NULL,1),(2038,'Ouachita Baptist University',NULL,NULL,NULL,1),(2039,'Ouachita Technical College',NULL,NULL,NULL,1),(2040,'Our Lady of Holy Cross College',NULL,NULL,NULL,1),(2041,'Our Lady of the Lake College',NULL,NULL,NULL,1),(2042,'Our Lady of the Lake University',NULL,NULL,NULL,1),(2043,'Owens Community College',NULL,NULL,NULL,1),(2044,'Owensboro Community and Technical College',NULL,NULL,NULL,1),(2045,'Oxman College',NULL,NULL,NULL,1),(2046,'Oxnard College',NULL,NULL,NULL,1),(2047,'Ozark Christian College',NULL,NULL,NULL,1),(2048,'Ozarka College',NULL,NULL,NULL,1),(2049,'Ozarks Technical Community College',NULL,NULL,NULL,1),(2050,'Pace University - New York',NULL,NULL,NULL,1),(2051,'Pacific Coast College',NULL,NULL,NULL,1),(2052,'Pacific College',NULL,NULL,NULL,1),(2053,'Pacific Islands University',NULL,NULL,NULL,1),(2054,'Pacific Lutheran University',NULL,NULL,NULL,1),(2055,'Pacific Northwest College of Art',NULL,NULL,NULL,1),(2056,'Pacific Oaks College',NULL,NULL,NULL,1),(2057,'Pacific Rim Bible College',NULL,NULL,NULL,1),(2058,'Pacific States University',NULL,NULL,NULL,1),(2059,'Pacific Union College',NULL,NULL,NULL,1),(2060,'Pacific University',NULL,NULL,NULL,1),(2061,'Paier College of Art Inc',NULL,NULL,NULL,1),(2062,'Paine College',NULL,NULL,NULL,1),(2063,'Palau Community College',NULL,NULL,NULL,1),(2064,'Palm Beach Atlantic University - West Palm Be',NULL,NULL,NULL,1),(2065,'Palm Beach State College',NULL,NULL,NULL,1),(2066,'Palo Alto College',NULL,NULL,NULL,1),(2067,'Palo Alto University',NULL,NULL,NULL,1),(2068,'Palo Verde College',NULL,NULL,NULL,1),(2069,'Palomar College',NULL,NULL,NULL,1),(2070,'Pamlico Community College',NULL,NULL,NULL,1),(2071,'Panola College',NULL,NULL,NULL,1),(2072,'Paris Junior College',NULL,NULL,NULL,1),(2073,'Park University',NULL,NULL,NULL,1),(2074,'Parker University',NULL,NULL,NULL,1),(2075,'Parkland College',NULL,NULL,NULL,1),(2076,'Pasadena City College',NULL,NULL,NULL,1),(2077,'Pasco-Hernando Community College',NULL,NULL,NULL,1),(2078,'Passaic County Community College',NULL,NULL,NULL,1),(2079,'Patrick Henry College',NULL,NULL,NULL,1),(2080,'Patrick Henry Community College',NULL,NULL,NULL,1),(2081,'Patten University',NULL,NULL,NULL,1),(2082,'Paul D Camp Community College',NULL,NULL,NULL,1),(2083,'Paul Quinn College',NULL,NULL,NULL,1),(2084,'Paul Smiths College of Arts and Science',NULL,NULL,NULL,1),(2085,'PCI College',NULL,NULL,NULL,1),(2086,'Pearl River Community College',NULL,NULL,NULL,1),(2087,'Peirce College',NULL,NULL,NULL,1),(2088,'Pellissippi State Technical Community College',NULL,NULL,NULL,1),(2089,'Peninsula College',NULL,NULL,NULL,1),(2090,'Penn Foster College',NULL,NULL,NULL,1),(2091,'Penn Foundation',NULL,NULL,NULL,1),(2092,'Pennco Tech',NULL,NULL,NULL,1),(2093,'Pennsylvania College of Art and Design',NULL,NULL,NULL,1),(2094,'Pennsylvania College of Technology',NULL,NULL,NULL,1),(2095,'Pennsylvania Highlands Community College',NULL,NULL,NULL,1),(2096,'Pennsylvania Institute of Technology',NULL,NULL,NULL,1),(2097,'Pennsylvania State University - Penn State Ma',NULL,NULL,NULL,1),(2098,'Pensacola Campus (MTEC-San Francisco Bay Area',NULL,NULL,NULL,1),(2099,'Pensacola Christian College',NULL,NULL,NULL,1),(2100,'Pensacola State College',NULL,NULL,NULL,1),(2101,'Pepperdine University',NULL,NULL,NULL,1),(2102,'Perelandra College',NULL,NULL,NULL,1),(2103,'Perry Technical Institute',NULL,NULL,NULL,1),(2104,'Peru State College',NULL,NULL,NULL,1),(2105,'Pfeiffer University',NULL,NULL,NULL,1),(2106,'Philadelphia Biblical University',NULL,NULL,NULL,1),(2107,'Philadelphia University',NULL,NULL,NULL,1),(2108,'Philander Smith College',NULL,NULL,NULL,1),(2109,'Phillips Community College of the University ',NULL,NULL,NULL,1),(2110,'Phoebe Ministries',NULL,NULL,NULL,1),(2111,'Phoenix East Aviation',NULL,NULL,NULL,1),(2112,'Pickens Technical College',NULL,NULL,NULL,1),(2113,'Piedmont College',NULL,NULL,NULL,1),(2114,'Piedmont Community College',NULL,NULL,NULL,1),(2115,'Piedmont Technical College',NULL,NULL,NULL,1),(2116,'Piedmont Virginia Community College',NULL,NULL,NULL,1),(2117,'Pierce College at Puyallup',NULL,NULL,NULL,1),(2118,'Pikes Peak Community College',NULL,NULL,NULL,1),(2119,'Pillsbury Baptist Bible College',NULL,NULL,NULL,1),(2120,'Pima Community College',NULL,NULL,NULL,1),(2121,'Pine Manor College',NULL,NULL,NULL,1),(2122,'Pine Technical College',NULL,NULL,NULL,1),(2123,'Pinnacle College',NULL,NULL,NULL,1),(2124,'Pioneer Pacific College',NULL,NULL,NULL,1),(2125,'Pitt Community College',NULL,NULL,NULL,1),(2126,'Pittsburg State University',NULL,NULL,NULL,1),(2127,'Pittsburgh Technical Institute',NULL,NULL,NULL,1),(2128,'Pitzer College',NULL,NULL,NULL,1),(2129,'Platt College',NULL,NULL,NULL,1),(2130,'Platt College - Moore',NULL,NULL,NULL,1),(2131,'Platt College-Los Angeles',NULL,NULL,NULL,1),(2132,'Platt College-Newport Beach',NULL,NULL,NULL,1),(2133,'Platt College-Ontario',NULL,NULL,NULL,1),(2134,'Platt College-San Diego',NULL,NULL,NULL,1),(2135,'Plaza College',NULL,NULL,NULL,1),(2136,'Plymouth State University',NULL,NULL,NULL,1),(2137,'Point Loma Nazarene University',NULL,NULL,NULL,1),(2138,'Point Park University',NULL,NULL,NULL,1),(2139,'Point University',NULL,NULL,NULL,1),(2140,'Polk State College',NULL,NULL,NULL,1),(2141,'Polytechnic Institute',NULL,NULL,NULL,1),(2142,'Polytechnic Institute of New York University',NULL,NULL,NULL,1),(2143,'Pomona College',NULL,NULL,NULL,1),(2144,'Pontifical Catholic University of Puerto Rico',NULL,NULL,NULL,1),(2145,'Pontifical Catholic University of Puerto Rico',NULL,NULL,NULL,1),(2146,'Pontifical Catholic University of Puerto Rico',NULL,NULL,NULL,1),(2147,'Pontifical College Josephinum',NULL,NULL,NULL,1),(2148,'Porterville College',NULL,NULL,NULL,1),(2149,'Portland Community College',NULL,NULL,NULL,1),(2150,'Portland State University',NULL,NULL,NULL,1),(2151,'Post University',NULL,NULL,NULL,1),(2152,'Potomac College',NULL,NULL,NULL,1),(2153,'Prairie State College',NULL,NULL,NULL,1),(2154,'Prairie View A & M University',NULL,NULL,NULL,1),(2155,'Pratt Community College',NULL,NULL,NULL,1),(2156,'Presbyterian College',NULL,NULL,NULL,1),(2157,'Prescott College',NULL,NULL,NULL,1),(2158,'Presentation College',NULL,NULL,NULL,1),(2159,'Prince George\'s Community College',NULL,NULL,NULL,1),(2160,'Prince William Sound Community College',NULL,NULL,NULL,1),(2161,'Princeton University',NULL,NULL,NULL,1),(2162,'Principia College',NULL,NULL,NULL,1),(2163,'Providence Christian College',NULL,NULL,NULL,1),(2164,'Providence College',NULL,NULL,NULL,1),(2165,'Provo College',NULL,NULL,NULL,1),(2166,'Provo College - American Fork',NULL,NULL,NULL,1),(2167,'Pueblo Community College',NULL,NULL,NULL,1),(2168,'Puerto Rico Tech Junior College - Mayaguez',NULL,NULL,NULL,1),(2169,'Puerto Rico Technical Junior College Inc',NULL,NULL,NULL,1),(2170,'Puget Sound Christian College',NULL,NULL,NULL,1),(2171,'Pulaski Technical College',NULL,NULL,NULL,1),(2172,'Purdue University',NULL,NULL,NULL,1),(2173,'Purdue University - North Central',NULL,NULL,NULL,1),(2174,'Purdue University Calumet',NULL,NULL,NULL,1),(2175,'Queen City College',NULL,NULL,NULL,1),(2176,'Queen of the Holy Rosary College',NULL,NULL,NULL,1),(2177,'Queens University of Charlotte',NULL,NULL,NULL,1),(2178,'Quest College',NULL,NULL,NULL,1),(2179,'Quincy College',NULL,NULL,NULL,1),(2180,'Quincy University',NULL,NULL,NULL,1),(2181,'Quinebaug Valley Community College',NULL,NULL,NULL,1),(2182,'Quinnipiac University',NULL,NULL,NULL,1),(2183,'Quinsigamond Community College',NULL,NULL,NULL,1),(2184,'Rabbinical College Beth Shraga',NULL,NULL,NULL,1),(2185,'Rabbinical College Bobover Yeshiva Bnei Zion',NULL,NULL,NULL,1),(2186,'Rabbinical College Ch\'san Sofer - New York',NULL,NULL,NULL,1),(2187,'Rabbinical College of America',NULL,NULL,NULL,1),(2188,'Rabbinical College of Long Island',NULL,NULL,NULL,1),(2189,'Rabbinical College of Ohr Shimon Yisroel',NULL,NULL,NULL,1),(2190,'Rabbinical College of Telshe',NULL,NULL,NULL,1),(2191,'Radford University',NULL,NULL,NULL,1),(2192,'Radians College',NULL,NULL,NULL,1),(2193,'Rainstar University',NULL,NULL,NULL,1),(2194,'Rainy River Community College',NULL,NULL,NULL,1),(2195,'Ramapo College of New Jersey',NULL,NULL,NULL,1),(2196,'Randolph Community College',NULL,NULL,NULL,1),(2197,'Randolph-Macon College',NULL,NULL,NULL,1),(2198,'Randolph-Macon Woman\'s College',NULL,NULL,NULL,1),(2199,'Ranger College',NULL,NULL,NULL,1),(2200,'Ranken Technical College',NULL,NULL,NULL,1),(2201,'Rappahannock Community College',NULL,NULL,NULL,1),(2202,'Raritan Valley Community College',NULL,NULL,NULL,1),(2203,'Rasmussen College',NULL,NULL,NULL,1),(2204,'Reading Area Community College',NULL,NULL,NULL,1),(2205,'Reconstructionist Rabbinical College',NULL,NULL,NULL,1),(2206,'Red Rocks Community College',NULL,NULL,NULL,1),(2207,'Redlands Community College',NULL,NULL,NULL,1),(2208,'Redstone College',NULL,NULL,NULL,1),(2209,'Redstone College-Los Angeles Campus',NULL,NULL,NULL,1),(2210,'Reed College',NULL,NULL,NULL,1),(2211,'Reedley College',NULL,NULL,NULL,1),(2212,'Regent University',NULL,NULL,NULL,1),(2213,'Regis College',NULL,NULL,NULL,1),(2214,'Regis College - Medford',NULL,NULL,NULL,1),(2215,'Regis University',NULL,NULL,NULL,1),(2216,'Reid State Technical College',NULL,NULL,NULL,1),(2217,'Reinhardt University',NULL,NULL,NULL,1),(2218,'Rend Lake College',NULL,NULL,NULL,1),(2219,'Rensselaer Polytechnic Institute',NULL,NULL,NULL,1),(2220,'Renton Technical College',NULL,NULL,NULL,1),(2221,'Resurrection University',NULL,NULL,NULL,1),(2222,'Rhode Island College',NULL,NULL,NULL,1),(2223,'Rhodec International',NULL,NULL,NULL,1),(2224,'Rhodes College',NULL,NULL,NULL,1),(2225,'Rice University',NULL,NULL,NULL,1),(2226,'Rich Mountain Community College',NULL,NULL,NULL,1),(2227,'Richard Bland College',NULL,NULL,NULL,1),(2228,'Richland College',NULL,NULL,NULL,1),(2229,'Richland Community College',NULL,NULL,NULL,1),(2230,'Richmond Community College',NULL,NULL,NULL,1),(2231,'Rider University',NULL,NULL,NULL,1),(2232,'Ridgewater College',NULL,NULL,NULL,1),(2233,'Rio Hondo College',NULL,NULL,NULL,1),(2234,'Ripon College',NULL,NULL,NULL,1),(2235,'River Parishes Community College',NULL,NULL,NULL,1),(2236,'Riverland Community College',NULL,NULL,NULL,1),(2237,'Riverside City College',NULL,NULL,NULL,1),(2238,'Rivier College',NULL,NULL,NULL,1),(2239,'Roane State Community College',NULL,NULL,NULL,1),(2240,'Roanoke College',NULL,NULL,NULL,1),(2241,'Roanoke-Chowan Community College',NULL,NULL,NULL,1),(2242,'Robert B. Miller College',NULL,NULL,NULL,1),(2243,'Robert Morris College',NULL,NULL,NULL,1),(2244,'Robert Morris University',NULL,NULL,NULL,1),(2245,'Roberts Wesleyan College',NULL,NULL,NULL,1),(2246,'Robeson Community College',NULL,NULL,NULL,1),(2247,'Rochester College',NULL,NULL,NULL,1),(2248,'Rochester Community and Technical College',NULL,NULL,NULL,1),(2249,'Rochester Institute of Technology',NULL,NULL,NULL,1),(2250,'Rock Valley College',NULL,NULL,NULL,1),(2251,'Rockefeller University',NULL,NULL,NULL,1),(2252,'Rockford College',NULL,NULL,NULL,1),(2253,'Rockhurst University',NULL,NULL,NULL,1),(2254,'Rockingham Community College',NULL,NULL,NULL,1),(2255,'Rockland Community College',NULL,NULL,NULL,1),(2256,'Rocky Mountain College',NULL,NULL,NULL,1),(2257,'Rocky Mountain College of Art and Design',NULL,NULL,NULL,1),(2258,'Roger Williams University',NULL,NULL,NULL,1),(2259,'Rogers State University',NULL,NULL,NULL,1),(2260,'Rogue Community College',NULL,NULL,NULL,1),(2261,'Rolla Technical Institute',NULL,NULL,NULL,1),(2262,'Rollins College',NULL,NULL,NULL,1),(2263,'Roosevelt University',NULL,NULL,NULL,1),(2264,'Rose State College',NULL,NULL,NULL,1),(2265,'Rosedale Bible College',NULL,NULL,NULL,1),(2266,'Rosedale Technical Institute',NULL,NULL,NULL,1),(2267,'Rose-Hulman Institute of Technology',NULL,NULL,NULL,1),(2268,'Rosemead College of English',NULL,NULL,NULL,1),(2269,'Rosemont College',NULL,NULL,NULL,1),(2270,'Rowan University',NULL,NULL,NULL,1),(2271,'Rowan-Cabarrus Community College',NULL,NULL,NULL,1),(2272,'Roxbury Community College',NULL,NULL,NULL,1),(2273,'Rudolf Steiner College',NULL,NULL,NULL,1),(2274,'Rush University',NULL,NULL,NULL,1),(2275,'Rust College',NULL,NULL,NULL,1),(2276,'Rutgers. The State University of New Jersey -',NULL,NULL,NULL,1),(2277,'RWM Fiber Optics. Inc',NULL,NULL,NULL,1),(2278,'SABER',NULL,NULL,NULL,1),(2279,'Sacramento City College',NULL,NULL,NULL,1),(2280,'Sacred Heart University',NULL,NULL,NULL,1),(2281,'Saddleback College',NULL,NULL,NULL,1),(2282,'Sage College',NULL,NULL,NULL,1),(2283,'Sage College of Albany',NULL,NULL,NULL,1),(2284,'Sage Technical Services - Coeur d\'Alene',NULL,NULL,NULL,1),(2285,'Saginaw Chippewa Tribal College',NULL,NULL,NULL,1),(2286,'Saginaw Valley State University',NULL,NULL,NULL,1),(2287,'SAIC fka SM Consulting',NULL,NULL,NULL,1),(2288,'Saint Ambrose University',NULL,NULL,NULL,1),(2289,'Saint Anselm College',NULL,NULL,NULL,1),(2290,'Saint Augustine College',NULL,NULL,NULL,1),(2291,'Saint Augustines College',NULL,NULL,NULL,1),(2292,'Saint Basil College',NULL,NULL,NULL,1),(2293,'Saint Catharine College',NULL,NULL,NULL,1),(2294,'Saint Cloud State University',NULL,NULL,NULL,1),(2295,'Saint Cloud Technical College',NULL,NULL,NULL,1),(2296,'Saint Francis University',NULL,NULL,NULL,1),(2297,'Saint Gregory\'s University',NULL,NULL,NULL,1),(2298,'Saint John Fisher College',NULL,NULL,NULL,1),(2299,'Saint Johns University',NULL,NULL,NULL,1),(2300,'Saint Joseph College',NULL,NULL,NULL,1),(2301,'Saint Josephs College',NULL,NULL,NULL,1),(2302,'Saint Joseph\'s College of Maine',NULL,NULL,NULL,1),(2303,'Saint Joseph\'s College. New York',NULL,NULL,NULL,1),(2304,'Saint Joseph\'s University',NULL,NULL,NULL,1),(2305,'Saint Leo University',NULL,NULL,NULL,1),(2306,'Saint Louis Christian College',NULL,NULL,NULL,1),(2307,'Saint Louis Community College',NULL,NULL,NULL,1),(2308,'Saint Louis University-Main Campus',NULL,NULL,NULL,1),(2309,'Saint Martin\'s University',NULL,NULL,NULL,1),(2310,'Saint Mary-of-the-Woods College',NULL,NULL,NULL,1),(2311,'Saint Mary\'s College',NULL,NULL,NULL,1),(2312,'Saint Mary\'s College of California',NULL,NULL,NULL,1),(2313,'Saint Mary\'s University of Minnesota',NULL,NULL,NULL,1),(2314,'Saint Michaels College',NULL,NULL,NULL,1),(2315,'Saint Norbert College',NULL,NULL,NULL,1),(2316,'Saint Paul College - A Community and Technica',NULL,NULL,NULL,1),(2317,'Saint Paul\'s College',NULL,NULL,NULL,1),(2318,'Saint Peter\'s College',NULL,NULL,NULL,1),(2319,'Saint Thomas University',NULL,NULL,NULL,1),(2320,'Saint Vincent College',NULL,NULL,NULL,1),(2321,'Saint Xavier University',NULL,NULL,NULL,1),(2322,'Salem College',NULL,NULL,NULL,1),(2323,'Salem Community College',NULL,NULL,NULL,1),(2324,'Salem International University',NULL,NULL,NULL,1),(2325,'Salem State College',NULL,NULL,NULL,1),(2326,'Salina Area Technical College',NULL,NULL,NULL,1),(2327,'Salisbury University',NULL,NULL,NULL,1),(2328,'Salish Kootenai College',NULL,NULL,NULL,1),(2329,'Salt Lake - Tooele Applied Technology College',NULL,NULL,NULL,1),(2330,'Salt Lake Community College',NULL,NULL,NULL,1),(2331,'Salter College : A Private Two-Year College',NULL,NULL,NULL,1),(2332,'Salus University',NULL,NULL,NULL,1),(2333,'Salve Regina University',NULL,NULL,NULL,1),(2334,'Sam Houston State University',NULL,NULL,NULL,1),(2335,'Samford University',NULL,NULL,NULL,1),(2336,'Sampson Community College',NULL,NULL,NULL,1),(2337,'Samuel Merritt University',NULL,NULL,NULL,1),(2338,'San Antonio College',NULL,NULL,NULL,1),(2339,'San Bernardino County ROP',NULL,NULL,NULL,1),(2340,'San Bernardino Valley College',NULL,NULL,NULL,1),(2341,'San Diego Christian College',NULL,NULL,NULL,1),(2342,'San Diego City College',NULL,NULL,NULL,1),(2343,'San Diego County ROP',NULL,NULL,NULL,1),(2344,'San Diego Mesa College',NULL,NULL,NULL,1),(2345,'San Diego Miramar College',NULL,NULL,NULL,1),(2346,'San Diego State University',NULL,NULL,NULL,1),(2347,'San Diego State University-Imperial Valley Ca',NULL,NULL,NULL,1),(2348,'San Francisco State University',NULL,NULL,NULL,1),(2349,'San Jacinto College District',NULL,NULL,NULL,1),(2350,'San Joaquin College of Law',NULL,NULL,NULL,1),(2351,'San Joaquin Delta College',NULL,NULL,NULL,1),(2352,'San Joaquin Valley College',NULL,NULL,NULL,1),(2353,'San Jose City College',NULL,NULL,NULL,1),(2354,'San Jose State University',NULL,NULL,NULL,1),(2355,'San Juan Basin Technical College',NULL,NULL,NULL,1),(2356,'San Juan College',NULL,NULL,NULL,1),(2357,'Sandhills Community College',NULL,NULL,NULL,1),(2358,'Sanford-Brown College - Collinsville',NULL,NULL,NULL,1),(2359,'Santa Ana College',NULL,NULL,NULL,1),(2360,'Santa Barbara City College',NULL,NULL,NULL,1),(2361,'Santa Clara University',NULL,NULL,NULL,1),(2362,'Santa Fe College',NULL,NULL,NULL,1),(2363,'Santa Fe Community College',NULL,NULL,NULL,1),(2364,'Santa Fe University of Art and Design',NULL,NULL,NULL,1),(2365,'Santa Monica College',NULL,NULL,NULL,1),(2366,'Santa Rosa Junior College',NULL,NULL,NULL,1),(2367,'Santiago Canyon College',NULL,NULL,NULL,1),(2368,'Sarah Lawrence College',NULL,NULL,NULL,1),(2369,'Sauk Valley Community College',NULL,NULL,NULL,1),(2370,'Savannah College of Art and Design',NULL,NULL,NULL,1),(2371,'Savannah River College',NULL,NULL,NULL,1),(2372,'Savannah State University',NULL,NULL,NULL,1),(2373,'Savannah Technical College',NULL,NULL,NULL,1),(2374,'Schenectady County Community College',NULL,NULL,NULL,1),(2375,'Schiller International University',NULL,NULL,NULL,1),(2376,'Schreiner University',NULL,NULL,NULL,1),(2377,'Schwan\'s University',NULL,NULL,NULL,1),(2378,'Scripps College',NULL,NULL,NULL,1),(2379,'Seattle Central Community College',NULL,NULL,NULL,1),(2380,'Seattle Pacific University',NULL,NULL,NULL,1),(2381,'Seattle University',NULL,NULL,NULL,1),(2382,'Security University',NULL,NULL,NULL,1),(2383,'Selma University',NULL,NULL,NULL,1),(2384,'Seminole State College',NULL,NULL,NULL,1),(2385,'Seminole State College of Florida',NULL,NULL,NULL,1),(2386,'Serbia\'s Technical College',NULL,NULL,NULL,1),(2387,'Sessions College for Professional Design',NULL,NULL,NULL,1),(2388,'Seton Hall University',NULL,NULL,NULL,1),(2389,'Seton Hill University',NULL,NULL,NULL,1),(2390,'Seward County Community College',NULL,NULL,NULL,1),(2391,'Shasta College',NULL,NULL,NULL,1),(2392,'Shaw University',NULL,NULL,NULL,1),(2393,'Shawnee Community College',NULL,NULL,NULL,1),(2394,'Shawnee State University',NULL,NULL,NULL,1),(2395,'Sheldon Jackson College',NULL,NULL,NULL,1),(2396,'Shelton State Community College',NULL,NULL,NULL,1),(2397,'Shenandoah University',NULL,NULL,NULL,1),(2398,'Shepherd University',NULL,NULL,NULL,1),(2399,'Shepherds College',NULL,NULL,NULL,1),(2400,'Shiloh University',NULL,NULL,NULL,1),(2401,'Shimer College',NULL,NULL,NULL,1),(2402,'Shippensburg University of Pennsylvania',NULL,NULL,NULL,1),(2403,'Sh\'or Yoshuv Rabbinical College',NULL,NULL,NULL,1),(2404,'Shoreline Community College',NULL,NULL,NULL,1),(2405,'Shorter College',NULL,NULL,NULL,1),(2406,'Shorter University',NULL,NULL,NULL,1),(2407,'SI TANKA UNIVERSITY-HURON CAMPUS',NULL,NULL,NULL,1),(2408,'Siegal College',NULL,NULL,NULL,1),(2409,'Siena College',NULL,NULL,NULL,1),(2410,'Siena Heights University',NULL,NULL,NULL,1),(2411,'Sierra College',NULL,NULL,NULL,1),(2412,'Sierra Nevada College',NULL,NULL,NULL,1),(2413,'Sierra Valley College of Court Reporting',NULL,NULL,NULL,1),(2414,'Silicon Valley College',NULL,NULL,NULL,1),(2415,'Silicon Valley College - Fremont',NULL,NULL,NULL,1),(2416,'Silicon Valley College-Emeryville',NULL,NULL,NULL,1),(2417,'Silicon Valley University',NULL,NULL,NULL,1),(2418,'Silver Lake College',NULL,NULL,NULL,1),(2419,'Simmons College',NULL,NULL,NULL,1),(2420,'Simmons College of Kentucky',NULL,NULL,NULL,1),(2421,'Simons Rock College of Bard',NULL,NULL,NULL,1),(2422,'Simpson College',NULL,NULL,NULL,1),(2423,'Simpson University',NULL,NULL,NULL,1),(2424,'Sinclair Community College',NULL,NULL,NULL,1),(2425,'Sinte Gleska University',NULL,NULL,NULL,1),(2426,'Sisseton Wahpeton College',NULL,NULL,NULL,1),(2427,'Sitting Bull College',NULL,NULL,NULL,1),(2428,'Skagit Valley College',NULL,NULL,NULL,1),(2429,'Skidmore College',NULL,NULL,NULL,1),(2430,'Skyline College',NULL,NULL,NULL,1),(2431,'Slippery Rock University of Pennsylvania',NULL,NULL,NULL,1),(2432,'Smith College',NULL,NULL,NULL,1),(2433,'Snead State Community College',NULL,NULL,NULL,1),(2434,'Snow College',NULL,NULL,NULL,1),(2435,'Sojourner-Douglass College',NULL,NULL,NULL,1),(2436,'Soka University of America',NULL,NULL,NULL,1),(2437,'Solano Community College',NULL,NULL,NULL,1),(2438,'Solex College',NULL,NULL,NULL,1),(2439,'Somerset Christian College',NULL,NULL,NULL,1),(2440,'Somerset Community College',NULL,NULL,NULL,1),(2441,'Sonoma College',NULL,NULL,NULL,1),(2442,'Sonoma State University',NULL,NULL,NULL,1),(2443,'South Arkansas Community College',NULL,NULL,NULL,1),(2444,'South Baylo University',NULL,NULL,NULL,1),(2445,'South Carolina State University',NULL,NULL,NULL,1),(2446,'South Central College',NULL,NULL,NULL,1),(2447,'South Coast College',NULL,NULL,NULL,1),(2448,'South College',NULL,NULL,NULL,1),(2449,'South College - Asheville',NULL,NULL,NULL,1),(2450,'South Dakota State University',NULL,NULL,NULL,1),(2451,'South Florida Bible College',NULL,NULL,NULL,1),(2452,'South Florida Community College',NULL,NULL,NULL,1),(2453,'South Florida Institute of Technology',NULL,NULL,NULL,1),(2454,'South Georgia College',NULL,NULL,NULL,1),(2455,'South Georgia Technical College',NULL,NULL,NULL,1),(2456,'South Louisiana Community College',NULL,NULL,NULL,1),(2457,'South Piedmont Community College',NULL,NULL,NULL,1),(2458,'South Plains College',NULL,NULL,NULL,1),(2459,'South Puget Sound Community College',NULL,NULL,NULL,1),(2460,'South Seattle Community College',NULL,NULL,NULL,1),(2461,'South Suburban College of Cook County',NULL,NULL,NULL,1),(2462,'South Texas College',NULL,NULL,NULL,1),(2463,'South Texas College of Law',NULL,NULL,NULL,1),(2464,'South University - Tampa',NULL,NULL,NULL,1),(2465,'South University-Montgomery',NULL,NULL,NULL,1),(2466,'South University-Savannah',NULL,NULL,NULL,1),(2467,'South University-West Palm Beach',NULL,NULL,NULL,1),(2468,'Southeast Arkansas College',NULL,NULL,NULL,1),(2469,'Southeast Community College - Lincoln (Energy',NULL,NULL,NULL,1),(2470,'Southeast Community College Area',NULL,NULL,NULL,1),(2471,'Southeast Kentucky Community & Technical Coll',NULL,NULL,NULL,1),(2472,'Southeast Kentucky Community and Technical Co',NULL,NULL,NULL,1),(2473,'Southeast Missouri State University',NULL,NULL,NULL,1),(2474,'Southeast Technical Institute',NULL,NULL,NULL,1),(2475,'Southeastern Baptist College',NULL,NULL,NULL,1),(2476,'Southeastern Bible College',NULL,NULL,NULL,1),(2477,'Southeastern College at Wake Forest SBS',NULL,NULL,NULL,1),(2478,'Southeastern Community College',NULL,NULL,NULL,1),(2479,'Southeastern Illinois College',NULL,NULL,NULL,1),(2480,'Southeastern Louisiana University',NULL,NULL,NULL,1),(2481,'Southeastern Oklahoma State University',NULL,NULL,NULL,1),(2482,'Southeastern Technical College',NULL,NULL,NULL,1),(2483,'Southeastern Technical Institute',NULL,NULL,NULL,1),(2484,'Southeastern University',NULL,NULL,NULL,1),(2485,'Southern Adventist University',NULL,NULL,NULL,1),(2486,'Southern Arkansas University Main Campus',NULL,NULL,NULL,1),(2487,'Southern Arkansas University Tech',NULL,NULL,NULL,1),(2488,'Southern California College of Optometry',NULL,NULL,NULL,1),(2489,'Southern California Institute of Technology',NULL,NULL,NULL,1),(2490,'Southern California University - SOMA',NULL,NULL,NULL,1),(2491,'Southern College of Optometry',NULL,NULL,NULL,1),(2492,'Southern Community College',NULL,NULL,NULL,1),(2493,'Southern Connecticut State University',NULL,NULL,NULL,1),(2494,'Southern Illinois University Carbondale',NULL,NULL,NULL,1),(2495,'Southern Illinois University Edwardsville',NULL,NULL,NULL,1),(2496,'Southern Maine Community College',NULL,NULL,NULL,1),(2497,'Southern Methodist College',NULL,NULL,NULL,1),(2498,'Southern Methodist University',NULL,NULL,NULL,1),(2499,'Southern Nazarene University',NULL,NULL,NULL,1),(2500,'Southern New Hampshire University',NULL,NULL,NULL,1),(2501,'Southern Oregon University',NULL,NULL,NULL,1),(2502,'Southern Polytechnic State University',NULL,NULL,NULL,1),(2503,'Southern State Community College',NULL,NULL,NULL,1),(2504,'Southern States University - Newport Beach',NULL,NULL,NULL,1),(2505,'Southern States University - San Diego',NULL,NULL,NULL,1),(2506,'Southern Technical College',NULL,NULL,NULL,1),(2507,'Southern Union State Community College',NULL,NULL,NULL,1),(2508,'Southern University and A & M College',NULL,NULL,NULL,1),(2509,'Southern University at New Orleans',NULL,NULL,NULL,1),(2510,'Southern University at Shreveport',NULL,NULL,NULL,1),(2511,'Southern Utah University',NULL,NULL,NULL,1),(2512,'Southern Vermont College',NULL,NULL,NULL,1),(2513,'Southern Virginia University',NULL,NULL,NULL,1),(2514,'Southern Wesleyan University',NULL,NULL,NULL,1),(2515,'Southern West Virginia Community and Technica',NULL,NULL,NULL,1),(2516,'Southside Virginia Community College',NULL,NULL,NULL,1),(2517,'Southwest Acupuncture College - Albuquerque',NULL,NULL,NULL,1),(2518,'Southwest Acupuncture College - Boulder',NULL,NULL,NULL,1),(2519,'Southwest Acupuncture College - Santa Fe',NULL,NULL,NULL,1),(2520,'Southwest Baptist University',NULL,NULL,NULL,1),(2521,'Southwest Florida College - Fort Myers',NULL,NULL,NULL,1),(2522,'Southwest Georgia Technical College',NULL,NULL,NULL,1),(2523,'Southwest Institute of Technology',NULL,NULL,NULL,1),(2524,'Southwest Minnesota State University',NULL,NULL,NULL,1),(2525,'Southwest Mississippi Community College',NULL,NULL,NULL,1),(2526,'Southwest Tennessee Community College',NULL,NULL,NULL,1),(2527,'Southwest Texas Junior College',NULL,NULL,NULL,1),(2528,'Southwest University',NULL,NULL,NULL,1),(2529,'Southwest University of Visual Arts',NULL,NULL,NULL,1),(2530,'Southwest Virginia Community College',NULL,NULL,NULL,1),(2531,'Southwest Wisconsin Technical College',NULL,NULL,NULL,1),(2532,'Southwestern Adventist University',NULL,NULL,NULL,1),(2533,'Southwestern Christian College',NULL,NULL,NULL,1),(2534,'Southwestern Christian University',NULL,NULL,NULL,1),(2535,'Southwestern College',NULL,NULL,NULL,1),(2536,'Southwestern Community College',NULL,NULL,NULL,1),(2537,'Southwestern Illinois College',NULL,NULL,NULL,1),(2538,'Southwestern Michigan College',NULL,NULL,NULL,1),(2539,'Southwestern Oklahoma State University',NULL,NULL,NULL,1),(2540,'Southwestern Oregon Community College',NULL,NULL,NULL,1),(2541,'Southwestern University',NULL,NULL,NULL,1),(2542,'Sowela Technical Community College',NULL,NULL,NULL,1),(2543,'Spelman College',NULL,NULL,NULL,1),(2544,'Spencerian College - Louisville',NULL,NULL,NULL,1),(2545,'Spiritual Life Bible College',NULL,NULL,NULL,1),(2546,'Spokane Community College',NULL,NULL,NULL,1),(2547,'Spokane Falls Community College',NULL,NULL,NULL,1),(2548,'Spoon River College',NULL,NULL,NULL,1),(2549,'Spring Arbor University',NULL,NULL,NULL,1),(2550,'Spring Hill College',NULL,NULL,NULL,1),(2551,'Springfield College',NULL,NULL,NULL,1),(2552,'Springfield College in Illinois',NULL,NULL,NULL,1),(2553,'Springfield Technical Community College',NULL,NULL,NULL,1),(2554,'St Charles Community College',NULL,NULL,NULL,1),(2555,'St Clair County Community College',NULL,NULL,NULL,1),(2556,'St Johns College',NULL,NULL,NULL,1),(2557,'St Vincent\'s College',NULL,NULL,NULL,1),(2558,'St. Andrews Presbyterian College',NULL,NULL,NULL,1),(2559,'St. Bonaventure University',NULL,NULL,NULL,1),(2560,'St. Camillus Campus',NULL,NULL,NULL,1),(2561,'St. Catherine University',NULL,NULL,NULL,1),(2562,'St. Edward\'s University',NULL,NULL,NULL,1),(2563,'St. Francis College',NULL,NULL,NULL,1),(2564,'St. Giles College',NULL,NULL,NULL,1),(2565,'St. John\'s College',NULL,NULL,NULL,1),(2566,'St. Johns River State College',NULL,NULL,NULL,1),(2567,'St. John\'s University - New York',NULL,NULL,NULL,1),(2568,'St. Lawrence University',NULL,NULL,NULL,1),(2569,'St. Luke\'s College',NULL,NULL,NULL,1),(2570,'St. Mary\'s College of Maryland',NULL,NULL,NULL,1),(2571,'St. Mary\'s University',NULL,NULL,NULL,1),(2572,'St. Olaf College',NULL,NULL,NULL,1),(2573,'St. Petersburg College',NULL,NULL,NULL,1),(2574,'St. Philip\'s College',NULL,NULL,NULL,1),(2575,'St. Thomas Aquinas College',NULL,NULL,NULL,1),(2576,'Stanbridge College',NULL,NULL,NULL,1),(2577,'Stanford University',NULL,NULL,NULL,1),(2578,'Stanly Community College',NULL,NULL,NULL,1),(2579,'Stanton University',NULL,NULL,NULL,1),(2580,'Stark State College of Technology',NULL,NULL,NULL,1),(2581,'State College of Florida. Manatee-Sarasota',NULL,NULL,NULL,1),(2582,'State Fair Community College',NULL,NULL,NULL,1),(2583,'Stautzenberger College',NULL,NULL,NULL,1),(2584,'Stephen F Austin State University',NULL,NULL,NULL,1),(2585,'Stephens College',NULL,NULL,NULL,1),(2586,'Sterling College',NULL,NULL,NULL,1),(2587,'Stetson University',NULL,NULL,NULL,1),(2588,'Stevens - Henager College',NULL,NULL,NULL,1),(2589,'Stevens Institute of Technology',NULL,NULL,NULL,1),(2590,'Stevens-Henager College',NULL,NULL,NULL,1),(2591,'Stevens-Henager College - Logan',NULL,NULL,NULL,1),(2592,'Stevens-Henager College-Ogden',NULL,NULL,NULL,1),(2593,'Stevenson University',NULL,NULL,NULL,1),(2594,'Stillman College',NULL,NULL,NULL,1),(2595,'Stone Child College',NULL,NULL,NULL,1),(2596,'Stonehill College',NULL,NULL,NULL,1),(2597,'Stratford University',NULL,NULL,NULL,1),(2598,'Strayer University',NULL,NULL,NULL,1),(2599,'Suffolk County Community College',NULL,NULL,NULL,1),(2600,'Suffolk University',NULL,NULL,NULL,1),(2601,'Sul Ross State University',NULL,NULL,NULL,1),(2602,'Sullivan College of Technology and Design',NULL,NULL,NULL,1),(2603,'Sullivan County Community College',NULL,NULL,NULL,1),(2604,'Sullivan University',NULL,NULL,NULL,1),(2605,'Summit College',NULL,NULL,NULL,1),(2606,'Sumner College',NULL,NULL,NULL,1),(2607,'Sunbridge College',NULL,NULL,NULL,1),(2608,'Surry Community College',NULL,NULL,NULL,1),(2609,'Susquehanna University',NULL,NULL,NULL,1),(2610,'Sussex County Community College',NULL,NULL,NULL,1),(2611,'Swainsboro Technical College',NULL,NULL,NULL,1),(2612,'Swarthmore College',NULL,NULL,NULL,1),(2613,'Sweet Briar College',NULL,NULL,NULL,1),(2614,'Syracuse University',NULL,NULL,NULL,1),(2615,'T.A. Lawson State Community College',NULL,NULL,NULL,1),(2616,'Tabor College',NULL,NULL,NULL,1),(2617,'Tacoma Community College',NULL,NULL,NULL,1),(2618,'Taft College',NULL,NULL,NULL,1),(2619,'Talladega College',NULL,NULL,NULL,1),(2620,'Tallahassee Community College',NULL,NULL,NULL,1),(2621,'Talmudic College of Florida',NULL,NULL,NULL,1),(2622,'Tarleton State University',NULL,NULL,NULL,1),(2623,'Tarrant County College District',NULL,NULL,NULL,1),(2624,'Taylor College',NULL,NULL,NULL,1),(2625,'Taylor University',NULL,NULL,NULL,1),(2626,'Teachers College at Columbia University',NULL,NULL,NULL,1),(2627,'Teachers College of San Joaquin',NULL,NULL,NULL,1),(2628,'Technical College of the Lowcountry',NULL,NULL,NULL,1),(2629,'Temple Baptist College',NULL,NULL,NULL,1),(2630,'Temple College',NULL,NULL,NULL,1),(2631,'Temple University',NULL,NULL,NULL,1),(2632,'Tennessee State University',NULL,NULL,NULL,1),(2633,'Tennessee Technological University',NULL,NULL,NULL,1),(2634,'Tennessee Temple University',NULL,NULL,NULL,1),(2635,'Tennessee Wesleyan College',NULL,NULL,NULL,1),(2636,'Terra State Community College',NULL,NULL,NULL,1),(2637,'Texarkana College',NULL,NULL,NULL,1),(2638,'Texas A & M International University',NULL,NULL,NULL,1),(2639,'Texas A & M University',NULL,NULL,NULL,1),(2640,'Texas A & M University - Commerce',NULL,NULL,NULL,1),(2641,'Texas A & M University - Corpus Christi',NULL,NULL,NULL,1),(2642,'Texas A & M University - Kingsville',NULL,NULL,NULL,1),(2643,'Texas A & M University - Texarkana',NULL,NULL,NULL,1),(2644,'Texas Christian University',NULL,NULL,NULL,1),(2645,'Texas College',NULL,NULL,NULL,1),(2646,'Texas County Technical College',NULL,NULL,NULL,1),(2647,'Texas Lutheran University',NULL,NULL,NULL,1),(2648,'Texas Southern University',NULL,NULL,NULL,1),(2649,'Texas Southmost College',NULL,NULL,NULL,1),(2650,'Texas State Technical College - Harlingen',NULL,NULL,NULL,1),(2651,'Texas State Technical College - Waco',NULL,NULL,NULL,1),(2652,'Texas State Technical College - West Texas',NULL,NULL,NULL,1),(2653,'Texas State Technical College Marshall',NULL,NULL,NULL,1),(2654,'Texas State University - San Marcos',NULL,NULL,NULL,1),(2655,'Texas Tech University',NULL,NULL,NULL,1),(2656,'Texas Wesleyan University',NULL,NULL,NULL,1),(2657,'Texas Woman\'s University',NULL,NULL,NULL,1),(2658,'Texas Woman\'s University Dietetic Intenship',NULL,NULL,NULL,1),(2659,'Thaddeus Stevens College of Technology',NULL,NULL,NULL,1),(2660,'The Baptist College of Florida',NULL,NULL,NULL,1),(2661,'The College of Coiffure Art',NULL,NULL,NULL,1),(2662,'The College of New Jersey',NULL,NULL,NULL,1),(2663,'The College of New Rochelle',NULL,NULL,NULL,1),(2664,'The College of Office Technology',NULL,NULL,NULL,1),(2665,'The College of Saint Rose',NULL,NULL,NULL,1),(2666,'The College of Saint Thomas More',NULL,NULL,NULL,1),(2667,'The College of Westchester',NULL,NULL,NULL,1),(2668,'The College of Wooster',NULL,NULL,NULL,1),(2669,'The Community College of Baltimore County',NULL,NULL,NULL,1),(2670,'The Criswell College',NULL,NULL,NULL,1),(2671,'The Evergreen State College',NULL,NULL,NULL,1),(2672,'The King\'s College',NULL,NULL,NULL,1),(2673,'The King\'s University',NULL,NULL,NULL,1),(2674,'The Richard Stockton College of New Jersey',NULL,NULL,NULL,1),(2675,'The Sage Colleges',NULL,NULL,NULL,1),(2676,'The University of Alabama',NULL,NULL,NULL,1),(2677,'The University of Findlay',NULL,NULL,NULL,1),(2678,'The University of Montana',NULL,NULL,NULL,1),(2679,'The University of Montana - Western',NULL,NULL,NULL,1),(2680,'The University of Tampa',NULL,NULL,NULL,1),(2681,'The University of Tennessee - Chattanooga',NULL,NULL,NULL,1),(2682,'The University of Tennessee - Martin',NULL,NULL,NULL,1),(2683,'The University of Texas - Pan American',NULL,NULL,NULL,1),(2684,'The University of Texas at Arlington',NULL,NULL,NULL,1),(2685,'The University of Texas at Brownsville and Te',NULL,NULL,NULL,1),(2686,'The University of Texas at Dallas',NULL,NULL,NULL,1),(2687,'The University of Texas at El Paso',NULL,NULL,NULL,1),(2688,'The University of Texas at San Antonio',NULL,NULL,NULL,1),(2689,'The University of Texas at Tyler',NULL,NULL,NULL,1),(2690,'The University of Texas of the Permian Basin',NULL,NULL,NULL,1),(2691,'The University of the Arts',NULL,NULL,NULL,1),(2692,'The University of the South',NULL,NULL,NULL,1),(2693,'The University of Virginia\'s College at Wise',NULL,NULL,NULL,1),(2694,'The University of West Florida',NULL,NULL,NULL,1),(2695,'The University of West Los Angeles',NULL,NULL,NULL,1),(2696,'Theological University of the Caribbean',NULL,NULL,NULL,1),(2697,'Thiel College',NULL,NULL,NULL,1),(2698,'Thomas Aquinas College',NULL,NULL,NULL,1),(2699,'Thomas College',NULL,NULL,NULL,1),(2700,'Thomas Edison State College',NULL,NULL,NULL,1),(2701,'Thomas Jefferson University',NULL,NULL,NULL,1),(2702,'Thomas More College',NULL,NULL,NULL,1),(2703,'Thomas More College of Liberal Arts',NULL,NULL,NULL,1),(2704,'Thomas Nelson Community College',NULL,NULL,NULL,1),(2705,'Thomas University',NULL,NULL,NULL,1),(2706,'Three Rivers Community College',NULL,NULL,NULL,1),(2707,'Tidewater Community College',NULL,NULL,NULL,1),(2708,'Tiffin University',NULL,NULL,NULL,1),(2709,'Tillamook Bay Community College',NULL,NULL,NULL,1),(2710,'Toccoa Falls College',NULL,NULL,NULL,1),(2711,'Tohono O\'Odham Community College',NULL,NULL,NULL,1),(2712,'Tompkins-Cortland Community College',NULL,NULL,NULL,1),(2713,'Tougaloo College',NULL,NULL,NULL,1),(2714,'Touro College',NULL,NULL,NULL,1),(2715,'Touro College of Los Angeles',NULL,NULL,NULL,1),(2716,'Touro University',NULL,NULL,NULL,1),(2717,'Towson University',NULL,NULL,NULL,1),(2718,'Transylvania University',NULL,NULL,NULL,1),(2719,'Travel University International',NULL,NULL,NULL,1),(2720,'Treasure Valley Community College',NULL,NULL,NULL,1),(2721,'Trevecca Nazarene University',NULL,NULL,NULL,1),(2722,'Tri-County Community College',NULL,NULL,NULL,1),(2723,'Tri-County Technical College',NULL,NULL,NULL,1),(2724,'Trident Technical College',NULL,NULL,NULL,1),(2725,'Trident University International',NULL,NULL,NULL,1),(2726,'Trine University',NULL,NULL,NULL,1),(2727,'Trinidad State Junior College',NULL,NULL,NULL,1),(2728,'Trinity Baptist College',NULL,NULL,NULL,1),(2729,'Trinity Bible College',NULL,NULL,NULL,1),(2730,'Trinity Christian College',NULL,NULL,NULL,1),(2731,'Trinity College',NULL,NULL,NULL,1),(2732,'Trinity College of Florida',NULL,NULL,NULL,1),(2733,'Trinity College of Puerto Rico',NULL,NULL,NULL,1),(2734,'Trinity International University',NULL,NULL,NULL,1),(2735,'Trinity Lutheran College',NULL,NULL,NULL,1),(2736,'Trinity University',NULL,NULL,NULL,1),(2737,'Trinity Valley Community College',NULL,NULL,NULL,1),(2738,'Trinity Washington University',NULL,NULL,NULL,1),(2739,'Tri-State Bible College',NULL,NULL,NULL,1),(2740,'Tri-State College of Acupuncture',NULL,NULL,NULL,1),(2741,'Triton College',NULL,NULL,NULL,1),(2742,'Trocaire College',NULL,NULL,NULL,1),(2743,'Troy University',NULL,NULL,NULL,1),(2744,'Truckee Meadows Community College',NULL,NULL,NULL,1),(2745,'Truett-McConnell College',NULL,NULL,NULL,1),(2746,'Truman State University',NULL,NULL,NULL,1),(2747,'Tucson College',NULL,NULL,NULL,1),(2748,'Tufts University',NULL,NULL,NULL,1),(2749,'Tulane University',NULL,NULL,NULL,1),(2750,'Tulsa Community College',NULL,NULL,NULL,1),(2751,'Tunxis Community College',NULL,NULL,NULL,1),(2752,'Turtle Mountain Community College',NULL,NULL,NULL,1),(2753,'Tusculum College',NULL,NULL,NULL,1),(2754,'Tuskegee University',NULL,NULL,NULL,1),(2755,'Tyler Junior College',NULL,NULL,NULL,1),(2756,'Umpqua Community College',NULL,NULL,NULL,1),(2757,'Union College',NULL,NULL,NULL,1),(2758,'Union County College',NULL,NULL,NULL,1),(2759,'Union University',NULL,NULL,NULL,1),(2760,'United States University',NULL,NULL,NULL,1),(2761,'United Tribes Technical College',NULL,NULL,NULL,1),(2762,'Unitek College - Fremont',NULL,NULL,NULL,1),(2763,'Unitek College - Sacramento',NULL,NULL,NULL,1),(2764,'Unity College',NULL,NULL,NULL,1),(2765,'Universal College of Healing Arts - Omaha',NULL,NULL,NULL,1),(2766,'Universal Technology College of Puerto Rico',NULL,NULL,NULL,1),(2767,'Universal Technology College of Puerto Rico -',NULL,NULL,NULL,1),(2768,'University of Advancing Technology',NULL,NULL,NULL,1),(2769,'University of Akron',NULL,NULL,NULL,1),(2770,'University of Akron - Wayne College',NULL,NULL,NULL,1),(2771,'University of Alabama at Birmingham',NULL,NULL,NULL,1),(2772,'University of Alabama in Huntsville',NULL,NULL,NULL,1),(2773,'University of Alaska Anchorage',NULL,NULL,NULL,1),(2774,'University of Alaska Fairbanks',NULL,NULL,NULL,1),(2775,'University of Alaska Southeast',NULL,NULL,NULL,1),(2776,'University of Antelope Valley',NULL,NULL,NULL,1),(2777,'University of Arizona',NULL,NULL,NULL,1),(2778,'University of Arkansas at Little Rock',NULL,NULL,NULL,1),(2779,'University of Arkansas at Monticello',NULL,NULL,NULL,1),(2780,'University of Arkansas at Pine Bluff',NULL,NULL,NULL,1),(2781,'University of Arkansas Community College-Bate',NULL,NULL,NULL,1),(2782,'University of Arkansas Community College-Hope',NULL,NULL,NULL,1),(2783,'University of Arkansas Community College-Morr',NULL,NULL,NULL,1),(2784,'University of Arkansas. Fayetteville',NULL,NULL,NULL,1),(2785,'University of Arkansas-Fort Smith',NULL,NULL,NULL,1),(2786,'University of Atlanta',NULL,NULL,NULL,1),(2787,'University of Baltimore',NULL,NULL,NULL,1),(2788,'University of Bridgeport',NULL,NULL,NULL,1),(2789,'University of California - Berkeley',NULL,NULL,NULL,1),(2790,'University of California - Davis',NULL,NULL,NULL,1),(2791,'University of California - Irvine',NULL,NULL,NULL,1),(2792,'University of California - Los Angeles',NULL,NULL,NULL,1),(2793,'University of California - Merced',NULL,NULL,NULL,1),(2794,'University of California - Riverside',NULL,NULL,NULL,1),(2795,'University of California - San Diego',NULL,NULL,NULL,1),(2796,'University of California - San Francisco',NULL,NULL,NULL,1),(2797,'University of California - Santa Barbara',NULL,NULL,NULL,1),(2798,'University of California - Santa Cruz',NULL,NULL,NULL,1),(2799,'University of California Hastings College of ',NULL,NULL,NULL,1),(2800,'University of Central Arkansas',NULL,NULL,NULL,1),(2801,'University of Central Florida',NULL,NULL,NULL,1),(2802,'University of Central Missouri',NULL,NULL,NULL,1),(2803,'University of Central Oklahoma',NULL,NULL,NULL,1),(2804,'University of Charleston',NULL,NULL,NULL,1),(2805,'University of Chicago',NULL,NULL,NULL,1),(2806,'University of Cincinnati - Clermont College',NULL,NULL,NULL,1),(2807,'University of Cincinnati - Main Campus',NULL,NULL,NULL,1),(2808,'University of Cincinnati Blue Ash College',NULL,NULL,NULL,1),(2809,'University of Colorado at Boulder',NULL,NULL,NULL,1),(2810,'University of Colorado at Colorado Springs',NULL,NULL,NULL,1),(2811,'University of Colorado Denver',NULL,NULL,NULL,1),(2812,'University of Connecticut',NULL,NULL,NULL,1),(2813,'University of Dallas',NULL,NULL,NULL,1),(2814,'University of Dayton',NULL,NULL,NULL,1),(2815,'University of Delaware',NULL,NULL,NULL,1),(2816,'University of Denver',NULL,NULL,NULL,1),(2817,'University of Detroit Mercy',NULL,NULL,NULL,1),(2818,'University of Dubuque',NULL,NULL,NULL,1),(2819,'University of Evansville',NULL,NULL,NULL,1),(2820,'University of Fairfax',NULL,NULL,NULL,1),(2821,'University of Florida',NULL,NULL,NULL,1),(2822,'University of Florida at Jacksonville',NULL,NULL,NULL,1),(2823,'University of Fort Lauderdale',NULL,NULL,NULL,1),(2824,'University of Georgia',NULL,NULL,NULL,1),(2825,'University of Great Falls',NULL,NULL,NULL,1),(2826,'University of Guam',NULL,NULL,NULL,1),(2827,'University of Hartford',NULL,NULL,NULL,1),(2828,'University of Hawaii - West Oahu',NULL,NULL,NULL,1),(2829,'University of Hawaii at Hilo',NULL,NULL,NULL,1),(2830,'University of Hawaii at Manoa',NULL,NULL,NULL,1),(2831,'University of Hawaii Maui College',NULL,NULL,NULL,1),(2832,'University of Houston',NULL,NULL,NULL,1),(2833,'University of Houston-Clear Lake',NULL,NULL,NULL,1),(2834,'University of Houston-Downtown',NULL,NULL,NULL,1),(2835,'University of Houston-Victoria',NULL,NULL,NULL,1),(2836,'University of Idaho',NULL,NULL,NULL,1),(2837,'University of Illinois at Chicago',NULL,NULL,NULL,1),(2838,'University of Illinois at Springfield',NULL,NULL,NULL,1),(2839,'University of Illinois at Urbana-Champaign',NULL,NULL,NULL,1),(2840,'University of Indianapolis',NULL,NULL,NULL,1),(2841,'University of Iowa',NULL,NULL,NULL,1),(2842,'University of Kansas',NULL,NULL,NULL,1),(2843,'University of Kentucky',NULL,NULL,NULL,1),(2844,'University of La Verne',NULL,NULL,NULL,1),(2845,'University of Louisiana at Lafayette',NULL,NULL,NULL,1),(2846,'University of Louisiana at Monroe',NULL,NULL,NULL,1),(2847,'University of Louisville',NULL,NULL,NULL,1),(2848,'University of Maine',NULL,NULL,NULL,1),(2849,'University of Maine at Augusta',NULL,NULL,NULL,1),(2850,'University of Maine at Farmington',NULL,NULL,NULL,1),(2851,'University of Maine at Fort Kent',NULL,NULL,NULL,1),(2852,'University of Maine at Machias',NULL,NULL,NULL,1),(2853,'University of Maine at Presque Isle',NULL,NULL,NULL,1),(2854,'University of Management and Technology',NULL,NULL,NULL,1),(2855,'University of Mary',NULL,NULL,NULL,1),(2856,'University of Mary Hardin-Baylor',NULL,NULL,NULL,1),(2857,'University of Mary Washington',NULL,NULL,NULL,1),(2858,'University of Maryland - Baltimore',NULL,NULL,NULL,1),(2859,'University of Maryland - Baltimore County',NULL,NULL,NULL,1),(2860,'University of Maryland - College Park',NULL,NULL,NULL,1),(2861,'University of Maryland - Eastern Shore',NULL,NULL,NULL,1),(2862,'University of Maryland - University College',NULL,NULL,NULL,1),(2863,'University of Massachusetts - Boston',NULL,NULL,NULL,1),(2864,'University of Massachusetts - Dartmouth',NULL,NULL,NULL,1),(2865,'University of Massachusetts - Lowell',NULL,NULL,NULL,1),(2866,'University of Massachusetts - Worcester',NULL,NULL,NULL,1),(2867,'University of Massachusetts Amherst',NULL,NULL,NULL,1),(2868,'University of Memphis',NULL,NULL,NULL,1),(2869,'University of Miami',NULL,NULL,NULL,1),(2870,'University of Michigan - Ann Arbor',NULL,NULL,NULL,1),(2871,'University of Michigan - Dearborn',NULL,NULL,NULL,1),(2872,'University of Michigan - Flint',NULL,NULL,NULL,1),(2873,'University of Minnesota - Crookston',NULL,NULL,NULL,1),(2874,'University of Minnesota - Duluth',NULL,NULL,NULL,1),(2875,'University of Minnesota - Morris',NULL,NULL,NULL,1),(2876,'University of Minnesota - Twin Cities',NULL,NULL,NULL,1),(2877,'University of Mississippi Main Campus',NULL,NULL,NULL,1),(2878,'University of Missouri - Columbia',NULL,NULL,NULL,1),(2879,'University of Missouri - Kansas City',NULL,NULL,NULL,1),(2880,'University of Missouri - St Louis',NULL,NULL,NULL,1),(2881,'University of Mobile',NULL,NULL,NULL,1),(2882,'University of Montana - Helena College of Tec',NULL,NULL,NULL,1),(2883,'University of Montevallo',NULL,NULL,NULL,1),(2884,'University of Mount Union',NULL,NULL,NULL,1),(2885,'University of Nebraska - Lincoln',NULL,NULL,NULL,1),(2886,'University of Nebraska at Kearney',NULL,NULL,NULL,1),(2887,'University of Nebraska at Omaha',NULL,NULL,NULL,1),(2888,'University of Nevada - Las Vegas',NULL,NULL,NULL,1),(2889,'University of Nevada - Reno',NULL,NULL,NULL,1),(2890,'University of New England',NULL,NULL,NULL,1),(2891,'University of New Hampshire',NULL,NULL,NULL,1),(2892,'University of New Haven',NULL,NULL,NULL,1),(2893,'University of New Mexico-Main Campus',NULL,NULL,NULL,1),(2894,'University of New Orleans',NULL,NULL,NULL,1),(2895,'University of North Alabama',NULL,NULL,NULL,1),(2896,'University of North Carolina - Wilmington',NULL,NULL,NULL,1),(2897,'University of North Carolina at Asheville',NULL,NULL,NULL,1),(2898,'University of North Carolina at Chapel Hill',NULL,NULL,NULL,1),(2899,'University of North Carolina at Charlotte',NULL,NULL,NULL,1),(2900,'University of North Carolina at Greensboro',NULL,NULL,NULL,1),(2901,'University of North Carolina at Pembroke',NULL,NULL,NULL,1),(2902,'University of North Dakota',NULL,NULL,NULL,1),(2903,'University of North Florida',NULL,NULL,NULL,1),(2904,'University of North Florida Dietetic Internsi',NULL,NULL,NULL,1),(2905,'University of North Texas',NULL,NULL,NULL,1),(2906,'University of Northern Colorado',NULL,NULL,NULL,1),(2907,'University of Northern Iowa',NULL,NULL,NULL,1),(2908,'University of Northern Virginia',NULL,NULL,NULL,1),(2909,'University of Northwestern Ohio',NULL,NULL,NULL,1),(2910,'University of Notre Dame',NULL,NULL,NULL,1),(2911,'University of Oklahoma',NULL,NULL,NULL,1),(2912,'University of Oregon',NULL,NULL,NULL,1),(2913,'University of Pennsylvania',NULL,NULL,NULL,1),(2914,'University of Philosophical Research',NULL,NULL,NULL,1),(2915,'University of Phoenix',NULL,NULL,NULL,1),(2916,'University of Pikeville',NULL,NULL,NULL,1),(2917,'University of Pittsburgh - Bradford',NULL,NULL,NULL,1),(2918,'University of Pittsburgh - Johnstown',NULL,NULL,NULL,1),(2919,'University of Pittsburgh - Main Campus',NULL,NULL,NULL,1),(2920,'University of Pittsburgh - Titusville',NULL,NULL,NULL,1),(2921,'University of Portland',NULL,NULL,NULL,1),(2922,'University of Puerto Rico - Aguadilla',NULL,NULL,NULL,1),(2923,'University of Puerto Rico - Arecibo',NULL,NULL,NULL,1),(2924,'University of Puerto Rico - Bayamon',NULL,NULL,NULL,1),(2925,'University of Puerto Rico - Carolina',NULL,NULL,NULL,1),(2926,'University of Puerto Rico - Cayey',NULL,NULL,NULL,1),(2927,'University of Puerto Rico - Humacao',NULL,NULL,NULL,1),(2928,'University of Puerto Rico - Mayaguez',NULL,NULL,NULL,1),(2929,'University of Puerto Rico - Rio Piedras Campu',NULL,NULL,NULL,1),(2930,'University of Puerto Rico - Utuado',NULL,NULL,NULL,1),(2931,'University of Puerto Rico Dietetic Internsip',NULL,NULL,NULL,1),(2932,'University of Puget Sound',NULL,NULL,NULL,1),(2933,'University of Redlands',NULL,NULL,NULL,1),(2934,'University of Rhode Island',NULL,NULL,NULL,1),(2935,'University of Richmond',NULL,NULL,NULL,1),(2936,'University of Rio Grande',NULL,NULL,NULL,1),(2937,'University of Rochester',NULL,NULL,NULL,1),(2938,'University of Saint Francis - Fort Wayne',NULL,NULL,NULL,1),(2939,'University of Saint Mary',NULL,NULL,NULL,1),(2940,'University of San Diego',NULL,NULL,NULL,1),(2941,'University of San Francisco',NULL,NULL,NULL,1),(2942,'University of Science and Arts of Oklahoma',NULL,NULL,NULL,1),(2943,'University of Scranton',NULL,NULL,NULL,1),(2944,'University of Sioux Falls',NULL,NULL,NULL,1),(2945,'University of South Alabama',NULL,NULL,NULL,1),(2946,'University of South Carolina - Aiken',NULL,NULL,NULL,1),(2947,'University of South Carolina - Beaufort',NULL,NULL,NULL,1),(2948,'University of South Carolina - Columbia',NULL,NULL,NULL,1),(2949,'University of South Carolina - Upstate',NULL,NULL,NULL,1),(2950,'University of South Dakota',NULL,NULL,NULL,1),(2951,'University of South Florida',NULL,NULL,NULL,1),(2952,'University of Southern California',NULL,NULL,NULL,1),(2953,'University of Southern Indiana',NULL,NULL,NULL,1),(2954,'University of Southern Maine',NULL,NULL,NULL,1),(2955,'University of Southern Mississippi',NULL,NULL,NULL,1),(2956,'University of Southern Nevada',NULL,NULL,NULL,1),(2957,'University of St. Francis',NULL,NULL,NULL,1),(2958,'University of St. Thomas',NULL,NULL,NULL,1),(2959,'University of Tennessee',NULL,NULL,NULL,1),(2960,'University of Texas at Austin',NULL,NULL,NULL,1),(2961,'University of the Cumberlands',NULL,NULL,NULL,1),(2962,'University of the District of Columbia',NULL,NULL,NULL,1),(2963,'University of the Incarnate Word',NULL,NULL,NULL,1),(2964,'University of the Ozarks',NULL,NULL,NULL,1),(2965,'University of the Pacific',NULL,NULL,NULL,1),(2966,'University of the Rockies',NULL,NULL,NULL,1),(2967,'University of the Sacred Heart',NULL,NULL,NULL,1),(2968,'University of the Sciences in Philadelphia',NULL,NULL,NULL,1),(2969,'University of the Southwest',NULL,NULL,NULL,1),(2970,'University of the Virgin Islands',NULL,NULL,NULL,1),(2971,'University of the West',NULL,NULL,NULL,1),(2972,'University of Toledo',NULL,NULL,NULL,1),(2973,'University of Tulsa',NULL,NULL,NULL,1),(2974,'University of Utah',NULL,NULL,NULL,1),(2975,'University of Vermont',NULL,NULL,NULL,1),(2976,'University of Virginia',NULL,NULL,NULL,1),(2977,'University of Washington-Seattle Campus',NULL,NULL,NULL,1),(2978,'University of West Alabama',NULL,NULL,NULL,1),(2979,'University of West Georgia',NULL,NULL,NULL,1),(2980,'University of Western States',NULL,NULL,NULL,1),(2981,'University of Wisconsin - Madison',NULL,NULL,NULL,1),(2982,'University of Wyoming',NULL,NULL,NULL,1),(2983,'Upper Iowa University',NULL,NULL,NULL,1),(2984,'Urban College of Boston',NULL,NULL,NULL,1),(2985,'Urbana University',NULL,NULL,NULL,1),(2986,'Ursinus College',NULL,NULL,NULL,1),(2987,'Ursuline College',NULL,NULL,NULL,1),(2988,'US Army - Baylor University',NULL,NULL,NULL,1),(2989,'Utah State University',NULL,NULL,NULL,1),(2990,'Utah Valley University',NULL,NULL,NULL,1),(2991,'Utica College',NULL,NULL,NULL,1),(2992,'Valdosta State University',NULL,NULL,NULL,1),(2993,'Valencia College',NULL,NULL,NULL,1),(2994,'Valley City State University',NULL,NULL,NULL,1),(2995,'Valley College - Beckley',NULL,NULL,NULL,1),(2996,'Valley College - Martinsburg',NULL,NULL,NULL,1),(2997,'Valley College - Princeton',NULL,NULL,NULL,1),(2998,'Valley Forge Christian College',NULL,NULL,NULL,1),(2999,'Valley Forge Military College',NULL,NULL,NULL,1),(3000,'Valparaiso University',NULL,NULL,NULL,1),(3001,'Vance-Granville Community College',NULL,NULL,NULL,1),(3002,'Vanderbilt University',NULL,NULL,NULL,1),(3003,'Vanguard Institute of Technology',NULL,NULL,NULL,1),(3004,'Vanguard University of Southern California',NULL,NULL,NULL,1),(3005,'Vassar College',NULL,NULL,NULL,1),(3006,'Vaughn College of Aeronautics and Technology',NULL,NULL,NULL,1),(3007,'Vennard College',NULL,NULL,NULL,1),(3008,'Ventura College',NULL,NULL,NULL,1),(3009,'Vermilion Community College',NULL,NULL,NULL,1),(3010,'Vermont College of Fine Arts',NULL,NULL,NULL,1),(3011,'Vermont Technical College',NULL,NULL,NULL,1),(3012,'Vernon College',NULL,NULL,NULL,1),(3013,'Victor Valley College',NULL,NULL,NULL,1),(3014,'Victoria College',NULL,NULL,NULL,1),(3015,'Victory University',NULL,NULL,NULL,1),(3016,'Villa Maria College Buffalo',NULL,NULL,NULL,1),(3017,'Villanova University',NULL,NULL,NULL,1),(3018,'Vincennes University',NULL,NULL,NULL,1),(3019,'Virginia Baptist College',NULL,NULL,NULL,1),(3020,'Virginia College - Birmingham',NULL,NULL,NULL,1),(3021,'Virginia College Technical',NULL,NULL,NULL,1),(3022,'Virginia Commonwealth University',NULL,NULL,NULL,1),(3023,'Virginia Highlands Community College',NULL,NULL,NULL,1),(3024,'Virginia Intermont College',NULL,NULL,NULL,1),(3025,'Virginia International University',NULL,NULL,NULL,1),(3026,'Virginia Marti College of Art and Design',NULL,NULL,NULL,1),(3027,'Virginia Polytechnic Institute and State Univ',NULL,NULL,NULL,1),(3028,'Virginia State University',NULL,NULL,NULL,1),(3029,'Virginia Union University',NULL,NULL,NULL,1),(3030,'Virginia University of Lynchburg',NULL,NULL,NULL,1),(3031,'Virginia Wesleyan College',NULL,NULL,NULL,1),(3032,'Virginia Western Community College',NULL,NULL,NULL,1),(3033,'Vista College',NULL,NULL,NULL,1),(3034,'Viterbo University',NULL,NULL,NULL,1),(3035,'Vogue College - McAllen',NULL,NULL,NULL,1),(3036,'Vogue College - San Antonio',NULL,NULL,NULL,1),(3037,'Volunteer State Community College',NULL,NULL,NULL,1),(3038,'Voorhees College',NULL,NULL,NULL,1),(3039,'W. L. Bonner College',NULL,NULL,NULL,1),(3040,'Wabash College',NULL,NULL,NULL,1),(3041,'Wade College',NULL,NULL,NULL,1),(3042,'Wagner College',NULL,NULL,NULL,1),(3043,'Wake Forest University',NULL,NULL,NULL,1),(3044,'Wake Technical Community College',NULL,NULL,NULL,1),(3045,'Walden University',NULL,NULL,NULL,1),(3046,'Waldorf College',NULL,NULL,NULL,1),(3047,'Walla Walla College',NULL,NULL,NULL,1),(3048,'Walla Walla Community College',NULL,NULL,NULL,1),(3049,'Wallace State Community College  - Hanceville',NULL,NULL,NULL,1),(3050,'Walsh University',NULL,NULL,NULL,1),(3051,'Walters State Community College',NULL,NULL,NULL,1),(3052,'Warner Pacific College',NULL,NULL,NULL,1),(3053,'Warner University',NULL,NULL,NULL,1),(3054,'Warren County Community College',NULL,NULL,NULL,1),(3055,'Warren Wilson College',NULL,NULL,NULL,1),(3056,'Wartburg College',NULL,NULL,NULL,1),(3057,'Washburn University',NULL,NULL,NULL,1),(3058,'Washington & Jefferson College',NULL,NULL,NULL,1),(3059,'Washington Adventist University',NULL,NULL,NULL,1),(3060,'Washington and Lee University',NULL,NULL,NULL,1),(3061,'Washington Baptist University',NULL,NULL,NULL,1),(3062,'Washington College',NULL,NULL,NULL,1),(3063,'Washington County Community College',NULL,NULL,NULL,1),(3064,'Washington State Community College',NULL,NULL,NULL,1),(3065,'Washington State University',NULL,NULL,NULL,1),(3066,'Washington State University - Spokane',NULL,NULL,NULL,1),(3067,'Washington University in St Louis',NULL,NULL,NULL,1),(3068,'Washtenaw Community College',NULL,NULL,NULL,1),(3069,'Watkins College of Art. Design & Film',NULL,NULL,NULL,1),(3070,'Waubonsee Community College',NULL,NULL,NULL,1),(3071,'Waukesha County Technical College',NULL,NULL,NULL,1),(3072,'Waycross College',NULL,NULL,NULL,1),(3073,'Wayland Baptist University',NULL,NULL,NULL,1),(3074,'Wayne Community College',NULL,NULL,NULL,1),(3075,'Wayne County Community College District',NULL,NULL,NULL,1),(3076,'Wayne State College',NULL,NULL,NULL,1),(3077,'Wayne State University',NULL,NULL,NULL,1),(3078,'Waynesburg University',NULL,NULL,NULL,1),(3079,'Weatherford College',NULL,NULL,NULL,1),(3080,'Webber International University',NULL,NULL,NULL,1),(3081,'Weber State University',NULL,NULL,NULL,1),(3082,'Webster University',NULL,NULL,NULL,1),(3083,'Wellesley College',NULL,NULL,NULL,1),(3084,'Wells College',NULL,NULL,NULL,1),(3085,'Wenatchee Valley College',NULL,NULL,NULL,1),(3086,'Wesley College',NULL,NULL,NULL,1),(3087,'Wesleyan College',NULL,NULL,NULL,1),(3088,'Wesleyan University',NULL,NULL,NULL,1),(3089,'West Central Technical College',NULL,NULL,NULL,1),(3090,'West Chester University of Pennsylvania',NULL,NULL,NULL,1),(3091,'West Coast University',NULL,NULL,NULL,1),(3092,'West Georgia Technical College',NULL,NULL,NULL,1),(3093,'West Hills College - Coalinga',NULL,NULL,NULL,1),(3094,'West Hills College - Lemoore',NULL,NULL,NULL,1),(3095,'West Kentucky Community and Technical College',NULL,NULL,NULL,1),(3096,'West Liberty University',NULL,NULL,NULL,1),(3097,'West Los Angeles College',NULL,NULL,NULL,1),(3098,'West Shore Community College',NULL,NULL,NULL,1),(3099,'West Texas A & M University',NULL,NULL,NULL,1),(3100,'West Valley College',NULL,NULL,NULL,1),(3101,'West Virginia Junior College - Charleston',NULL,NULL,NULL,1),(3102,'West Virginia Junior College - Morgantown',NULL,NULL,NULL,1),(3103,'West Virginia Northern Community College',NULL,NULL,NULL,1),(3104,'West Virginia State University',NULL,NULL,NULL,1),(3105,'West Virginia University',NULL,NULL,NULL,1),(3106,'West Virginia University at Parkersburg',NULL,NULL,NULL,1),(3107,'West Virginia Wesleyan College',NULL,NULL,NULL,1),(3108,'Westech College',NULL,NULL,NULL,1),(3109,'Westech College - Victorville',NULL,NULL,NULL,1),(3110,'Western Carolina University',NULL,NULL,NULL,1),(3111,'Western Connecticut State University',NULL,NULL,NULL,1),(3112,'Western Governors University',NULL,NULL,NULL,1),(3113,'Western Illinois University',NULL,NULL,NULL,1),(3114,'Western International University',NULL,NULL,NULL,1),(3115,'Western Iowa Tech Community College',NULL,NULL,NULL,1),(3116,'Western Kentucky University',NULL,NULL,NULL,1),(3117,'Western Michigan University',NULL,NULL,NULL,1),(3118,'Western Nebraska Community College',NULL,NULL,NULL,1),(3119,'Western Nevada Community College',NULL,NULL,NULL,1),(3120,'Western New England College',NULL,NULL,NULL,1),(3121,'Western New Mexico University',NULL,NULL,NULL,1),(3122,'Western Oklahoma State College',NULL,NULL,NULL,1),(3123,'Western Oregon University',NULL,NULL,NULL,1),(3124,'Western Piedmont Community College',NULL,NULL,NULL,1),(3125,'Western State College of Colorado',NULL,NULL,NULL,1),(3126,'Western State University - College of Law',NULL,NULL,NULL,1),(3127,'Western Technical College',NULL,NULL,NULL,1),(3128,'Western Texas College',NULL,NULL,NULL,1),(3129,'Western Washington University',NULL,NULL,NULL,1),(3130,'Western Wyoming Community College',NULL,NULL,NULL,1),(3131,'Westfield State College',NULL,NULL,NULL,1),(3132,'WestMed College',NULL,NULL,NULL,1),(3133,'WestMed College - Merced',NULL,NULL,NULL,1),(3134,'Westminster College',NULL,NULL,NULL,1),(3135,'Westmont College',NULL,NULL,NULL,1),(3136,'Westmoreland County Community College',NULL,NULL,NULL,1),(3137,'Westwood College',NULL,NULL,NULL,1),(3138,'Westwood College - Dupage',NULL,NULL,NULL,1),(3139,'Westwood College - Long Beach',NULL,NULL,NULL,1),(3140,'Westwood College - Los Angeles',NULL,NULL,NULL,1),(3141,'Westwood College - O\'Hare Airport',NULL,NULL,NULL,1),(3142,'Wharton County Junior College',NULL,NULL,NULL,1),(3143,'Whatcom Community College',NULL,NULL,NULL,1),(3144,'Wheaton College',NULL,NULL,NULL,1),(3145,'Wheeling Jesuit University',NULL,NULL,NULL,1),(3146,'Wheelock College',NULL,NULL,NULL,1),(3147,'White Earth Tribal and Community College',NULL,NULL,NULL,1),(3148,'Whitman College',NULL,NULL,NULL,1),(3149,'Whittier College',NULL,NULL,NULL,1),(3150,'Whitworth College',NULL,NULL,NULL,1),(3151,'Wichita Area Technical College',NULL,NULL,NULL,1),(3152,'Wichita State University',NULL,NULL,NULL,1),(3153,'Widener University - Main Campus',NULL,NULL,NULL,1),(3154,'Wilberforce University',NULL,NULL,NULL,1),(3155,'Wiley College',NULL,NULL,NULL,1),(3156,'Wilkes Community College',NULL,NULL,NULL,1),(3157,'Wilkes University',NULL,NULL,NULL,1),(3158,'Willamette University',NULL,NULL,NULL,1),(3159,'William Howard Taft University',NULL,NULL,NULL,1),(3160,'William Jessup University',NULL,NULL,NULL,1),(3161,'William Jewell College',NULL,NULL,NULL,1),(3162,'William Mitchell College of Law',NULL,NULL,NULL,1),(3163,'William Paterson University of New Jersey',NULL,NULL,NULL,1),(3164,'William Peace University',NULL,NULL,NULL,1),(3165,'William Penn University',NULL,NULL,NULL,1),(3166,'William R. Moore College of Technology',NULL,NULL,NULL,1),(3167,'William Rainey Harper College',NULL,NULL,NULL,1),(3168,'William Tyndale College',NULL,NULL,NULL,1),(3169,'William Woods University',NULL,NULL,NULL,1),(3170,'Williams Baptist College',NULL,NULL,NULL,1),(3171,'Williams College',NULL,NULL,NULL,1),(3172,'Williamsburg Technical College',NULL,NULL,NULL,1),(3173,'Williamson Christian College',NULL,NULL,NULL,1),(3174,'Williston State College',NULL,NULL,NULL,1),(3175,'Wilmington College',NULL,NULL,NULL,1),(3176,'Wilmington University',NULL,NULL,NULL,1),(3177,'Wilson College',NULL,NULL,NULL,1),(3178,'Wilson Technical Community College',NULL,NULL,NULL,1),(3179,'Windward Community College',NULL,NULL,NULL,1),(3180,'Wingate University',NULL,NULL,NULL,1),(3181,'Winona State University',NULL,NULL,NULL,1),(3182,'Winston-Salem State University',NULL,NULL,NULL,1),(3183,'Winthrop University',NULL,NULL,NULL,1),(3184,'Winthrop University Dietetic Intership',NULL,NULL,NULL,1),(3185,'Wiregrass Georgia Technical College',NULL,NULL,NULL,1),(3186,'Wisconsin Indianhead Technical College',NULL,NULL,NULL,1),(3187,'Wisconsin Lutheran College',NULL,NULL,NULL,1),(3188,'Wittenberg University',NULL,NULL,NULL,1),(3189,'Wofford College',NULL,NULL,NULL,1),(3190,'Wolford College',NULL,NULL,NULL,1),(3191,'Woodbury College',NULL,NULL,NULL,1),(3192,'Woodbury University',NULL,NULL,NULL,1),(3193,'Woodland Community College',NULL,NULL,NULL,1),(3194,'Worcester State College',NULL,NULL,NULL,1),(3195,'Worsham College',NULL,NULL,NULL,1),(3196,'Wor-Wic Community College',NULL,NULL,NULL,1),(3197,'Wright State University',NULL,NULL,NULL,1),(3198,'Wyoming Catholic College',NULL,NULL,NULL,1),(3199,'Wytheville Community College',NULL,NULL,NULL,1),(3200,'Xavier College',NULL,NULL,NULL,1),(3201,'Xavier University',NULL,NULL,NULL,1),(3202,'Xavier University of Louisiana',NULL,NULL,NULL,1),(3203,'Yakima Valley Community College',NULL,NULL,NULL,1),(3204,'Yale University',NULL,NULL,NULL,1),(3205,'Yavapai College',NULL,NULL,NULL,1),(3206,'Yeshiva University',NULL,NULL,NULL,1),(3207,'York College',NULL,NULL,NULL,1),(3208,'York College of Pennsylvania',NULL,NULL,NULL,1),(3209,'York County Community College',NULL,NULL,NULL,1),(3210,'York Technical College',NULL,NULL,NULL,1),(3211,'Young Harris College',NULL,NULL,NULL,1),(3212,'Youngstown State University',NULL,NULL,NULL,1),(3213,'Yuba College',NULL,NULL,NULL,1),(3214,'Zane State College',NULL,NULL,NULL,1),(3215,'Zion Bible College',NULL,NULL,NULL,1);
/*!40000 ALTER TABLE `schools` ENABLE KEYS */;
UNLOCK TABLES;

--
-- Table structure for table `video_saves`
--

DROP TABLE IF EXISTS `video_saves`;
/*!40101 SET @saved_cs_client     = @@character_set_client */;
/*!40101 SET character_set_client = utf8 */;
CREATE TABLE `video_saves` (
  `id` int(10) unsigned NOT NULL AUTO_INCREMENT,
  `user_id` int(10) unsigned NOT NULL,
  `video_id` int(10) unsigned NOT NULL,
  PRIMARY KEY (`id`),
  KEY `fk_vu0_user_id` (`user_id`),
  KEY `fk_vu0_video_id` (`video_id`),
  CONSTRAINT `fk_vu0_user_id` FOREIGN KEY (`user_id`) REFERENCES `users` (`id`) ON DELETE NO ACTION ON UPDATE NO ACTION,
  CONSTRAINT `fk_vu0_video_id` FOREIGN KEY (`video_id`) REFERENCES `videos` (`id`) ON DELETE NO ACTION ON UPDATE NO ACTION
) ENGINE=InnoDB AUTO_INCREMENT=6 DEFAULT CHARSET=latin1;
/*!40101 SET character_set_client = @saved_cs_client */;

--
-- Dumping data for table `video_saves`
--

LOCK TABLES `video_saves` WRITE;
/*!40000 ALTER TABLE `video_saves` DISABLE KEYS */;
INSERT INTO `video_saves` VALUES (1,1,3),(2,1,4),(3,2,41),(4,3,1),(5,3,4);
/*!40000 ALTER TABLE `video_saves` ENABLE KEYS */;
UNLOCK TABLES;

--
-- Table structure for table `player_stats`
--

DROP TABLE IF EXISTS `player_stats`;
/*!40101 SET @saved_cs_client     = @@character_set_client */;
/*!40101 SET character_set_client = utf8 */;
CREATE TABLE `player_stats` (
  `player_id` int(10) unsigned NOT NULL,
  `stat_id` int(10) unsigned NOT NULL,
  `value` varchar(45) DEFAULT NULL,
  PRIMARY KEY (`player_id`,`stat_id`),
  KEY `fk_ps_player_id` (`player_id`),
  KEY `fk_ps_state_id` (`stat_id`),
  CONSTRAINT `fk_ps_player_id` FOREIGN KEY (`player_id`) REFERENCES `players` (`id`) ON DELETE NO ACTION ON UPDATE NO ACTION,
  CONSTRAINT `fk_ps_state_id` FOREIGN KEY (`stat_id`) REFERENCES `stats` (`id`) ON DELETE NO ACTION ON UPDATE NO ACTION
) ENGINE=InnoDB DEFAULT CHARSET=latin1;
/*!40101 SET character_set_client = @saved_cs_client */;

--
-- Dumping data for table `player_stats`
--

LOCK TABLES `player_stats` WRITE;
/*!40000 ALTER TABLE `player_stats` DISABLE KEYS */;
/*!40000 ALTER TABLE `player_stats` ENABLE KEYS */;
UNLOCK TABLES;

--
-- Table structure for table `users`
--

DROP TABLE IF EXISTS `users`;
/*!40101 SET @saved_cs_client     = @@character_set_client */;
/*!40101 SET character_set_client = utf8 */;
CREATE TABLE `users` (
  `id` int(10) unsigned NOT NULL AUTO_INCREMENT,
  `first_name` varchar(25) NOT NULL,
  `last_name` varchar(25) NOT NULL,
  `email` varchar(125) NOT NULL,
  `hash` varchar(32) NOT NULL,
  `zipcode` varchar(6) NOT NULL,
  `gender` varchar(1) NOT NULL,
  `birth_year` int(11) NOT NULL,
  `last_login` int(11) NOT NULL,
  `account_type` tinyint(3) unsigned DEFAULT NULL,
  `status` tinyint(3) unsigned NOT NULL,
  PRIMARY KEY (`id`)
) ENGINE=InnoDB AUTO_INCREMENT=50 DEFAULT CHARSET=latin1;
/*!40101 SET character_set_client = @saved_cs_client */;

--
-- Dumping data for table `users`
--

LOCK TABLES `users` WRITE;
/*!40000 ALTER TABLE `users` DISABLE KEYS */;
INSERT INTO `users` VALUES (1,'Michael','Jordan','airness@mj.com','HASH GOES HERE','60601','M',0,1225886400,1,0),(2,'Scottie ','Pippen','pippy@sp.com','HASH GOES HERE','60601','M',0,1225886400,1,0),(3,'Horace','Grant','airness@mj.com','HASH GOES HERE','60601','M',0,1225886400,1,0),(4,'Bill','Cartwright','airness@mj.com','HASH GOES HERE','60601','M',0,1225886400,1,0),(5,'Phil','Jackson','lotsa_rings@nba.com','HASH GOESHERE','90210','M',0,1225886400,2,0),(6,'Pat','Riley','slick_hair@heat.com','HASH GOESHERE','50655','M',0,1225886400,2,0),(7,'Scout','Finch','mock.yeah@tkam.com','HASH GOESHERE','30982','M',0,1225886400,3,0);
/*!40000 ALTER TABLE `users` ENABLE KEYS */;
UNLOCK TABLES;

--
-- Table structure for table `stats`
--

DROP TABLE IF EXISTS `stats`;
/*!40101 SET @saved_cs_client     = @@character_set_client */;
/*!40101 SET character_set_client = utf8 */;
CREATE TABLE `stats` (
  `id` int(10) unsigned NOT NULL AUTO_INCREMENT,
  `stat_name` varchar(50) DEFAULT NULL,
  `sort` tinyint(3) unsigned NOT NULL,
  `sport_id` tinyint(3) unsigned NOT NULL,
  `stat_validation_id` tinyint(3) unsigned NOT NULL,
  `stat_category_id` tinyint(3) unsigned NOT NULL,
  PRIMARY KEY (`id`),
  KEY `fk_svs_stat_validation_id` (`stat_validation_id`),
  KEY `fk_svs_sport_id` (`sport_id`),
  KEY `fk_svs_stat_category_id` (`stat_category_id`),
  CONSTRAINT `fk_svs_stat_validation_id` FOREIGN KEY (`stat_validation_id`) REFERENCES `stat_validations` (`id`) ON DELETE NO ACTION ON UPDATE NO ACTION,
  CONSTRAINT `fk_svs_sport_id` FOREIGN KEY (`sport_id`) REFERENCES `sports` (`id`) ON DELETE NO ACTION ON UPDATE NO ACTION,
  CONSTRAINT `fk_svs_stat_category_id` FOREIGN KEY (`stat_category_id`) REFERENCES `stat_categories` (`id`) ON DELETE NO ACTION ON UPDATE NO ACTION
) ENGINE=InnoDB AUTO_INCREMENT=453 DEFAULT CHARSET=latin1;
/*!40101 SET character_set_client = @saved_cs_client */;

--
-- Dumping data for table `stats`
--

LOCK TABLES `stats` WRITE;
/*!40000 ALTER TABLE `stats` DISABLE KEYS */;
INSERT INTO `stats` VALUES (2,'AssistsPerGame',1,25,1,1),(3,'3Point Pct',2,25,1,1),(4,'ReboundsPerGame',3,25,1,1),(5,'FieldGoal Pct',4,25,1,1),(6,'AssistsPerTurnover',5,25,1,1),(7,'BlocksPerGame',6,25,1,1),(8,'PointsPerGame',7,25,1,1),(9,'TurnoverPerGame',8,25,1,1),(10,'FreeThrow Pct',9,25,1,1),(11,'AssistsPerGame',1,26,1,2),(12,'3Point Pct',2,26,1,2),(13,'ReboundsPerGame',3,26,1,2),(14,'FieldGoal Pct',4,26,1,2),(15,'AssistsPerTurnover',5,26,1,2),(16,'BlocksPerGame',6,26,1,2),(17,'PointsPerGame',7,26,1,2),(18,'TurnoverPerGame',8,26,1,2),(19,'FreeThrow Pct',9,26,1,2),(20,'Games Played',1,8,1,3),(21,'Games Started',2,8,1,3),(22,'GoalsPerGame',3,8,1,3),(23,'ShotsPerGame',4,8,1,3),(24,'AssistsPerGame',5,8,1,3),(25,'PointsPerGame',6,8,1,3),(26,'Games Played',1,9,1,4),(27,'Games Started',2,9,1,4),(28,'GoalsPerGame',3,9,1,4),(29,'ShotsPerGame',4,9,1,4),(30,'AssistsPerGame',5,9,1,4),(31,'PointsPerGame',6,9,1,4),(32,'Games Played',1,27,1,5),(33,'At Bats',2,27,1,6),(34,'Bases on Balls (Walks)',3,27,1,6),(35,'Batting Average',4,27,1,6),(36,'Caught Stealing',5,27,1,6),(37,'Doubles',6,27,1,6),(38,'Ground into Double Plays',7,27,1,6),(39,'Grand Slams',8,27,1,6),(40,'Hit by Pitch',9,27,1,6),(41,'Hits',10,27,1,6),(42,'Home Run Ratio',11,27,1,6),(43,'Home Runs',12,27,1,6),(44,'IntentionalBasesonBalls(Walks)',13,27,1,6),(45,'Isolated Power',14,27,1,6),(46,'Left on Base',15,27,1,6),(47,'On-Base Percentage',16,27,1,6),(48,'On-Base Plus Slugging',17,27,1,6),(49,'Runs',18,27,1,6),(50,'Runs Batted In',19,27,1,6),(51,'Sacrifice Flies',20,27,1,6),(52,'Sacrifice Hits (Bunts)',21,27,1,6),(53,'Singles',22,27,1,6),(54,'Slugging Percentage',23,27,1,6),(55,'Stolen Base Percentage',24,27,1,6),(56,'Stolen Base Runs',25,27,1,6),(57,'Stolen Bases',26,27,1,6),(58,'Strikeouts',27,27,1,6),(59,'Total Bases',28,27,1,6),(60,'Triples',29,27,1,6),(61,'Fly Outs (Air)',30,27,1,7),(62,'Walks (Bases on Balls)',31,27,1,7),(63,'Batters Facing Pitcher',32,27,1,7),(64,'Balks',33,27,1,7),(65,'Combined Shutout',34,27,1,7),(66,'Complete Games',35,27,1,7),(67,'Complete Game Losses',36,27,1,7),(68,'Earned Runs',37,27,1,7),(69,'Earned Run Average',38,27,1,7),(70,'Games Finished',39,27,1,7),(71,'Ground Outs',40,27,1,7),(72,'Ground Outs / Fly Outs Ratio',41,27,1,7),(73,'Games Played',42,27,1,7),(74,'Games Started',43,27,1,7),(75,'Hits',44,27,1,7),(76,'Hit Batters',45,27,1,7),(77,'Home Runs',46,27,1,7),(78,'Intentional Walks',47,27,1,7),(79,'Innings Pitched',48,27,1,7),(80,'Inherited Runs Allowed',49,27,1,7),(81,'Innings Per Start',50,27,1,7),(82,'Losses',51,27,1,7),(83,'Baserunners Per 9 Innings',52,27,1,7),(84,'Opponents\' Batting Average',53,27,1,7),(85,'Plate Appearances',54,27,1,7),(86,'Runs',55,27,1,7),(87,'Relief Failures',56,27,1,7),(88,'Relief Wins',57,27,1,7),(89,'Shutouts',58,27,1,7),(90,'Strikeouts',59,27,1,7),(91,'Saves',60,27,1,7),(92,'Save Opportunities',61,27,1,7),(93,'Total Bases',62,27,1,7),(94,'Wins',63,27,1,7),(95,'Wild Pitches',64,27,1,7),(96,'Assists',65,27,1,8),(97,'Caught Stealing',66,27,1,8),(98,'Double Plays',67,27,1,8),(99,'Errors',68,27,1,8),(100,'Games Played',69,27,1,8),(101,'Outfield Assists',70,27,1,8),(102,'Passed Balls',71,27,1,8),(103,'Pickoffs',72,27,1,8),(104,'Putouts',73,27,1,8),(105,'Stolen Bases',74,27,1,8),(106,'Total Chances',75,27,1,8),(107,'Triple Plays',76,27,1,8),(108,'Games Played',1,10,1,9),(109,'At Bats',2,10,1,10),(110,'Bases on Balls (Walks)',3,10,1,10),(111,'Batting Average',4,10,1,10),(112,'Caught Stealing',5,10,1,10),(113,'Doubles',6,10,1,10),(114,'Ground into Double Plays',7,10,1,10),(115,'Grand Slams',8,10,1,10),(116,'Hit by Pitch',9,10,1,10),(117,'Hits',10,10,1,10),(118,'Home Run Ratio',11,10,1,10),(119,'Home Runs',12,10,1,10),(120,'IntentionalBasesonBalls(Walks)',13,10,1,10),(121,'Isolated Power',14,10,1,10),(122,'Left on Base',15,10,1,10),(123,'On-Base Percentage',16,10,1,10),(124,'On-Base Plus Slugging',17,10,1,10),(125,'Runs',18,10,1,10),(126,'Runs Batted In',19,10,1,10),(127,'Sacrifice Flies',20,10,1,10),(128,'Sacrifice Hits (Bunts)',21,10,1,10),(129,'Singles',22,10,1,10),(130,'Slugging Percentage',23,10,1,10),(131,'Stolen Base Percentage',24,10,1,10),(132,'Stolen Base Runs',25,10,1,10),(133,'Stolen Bases',26,10,1,10),(134,'Strikeouts',27,10,1,10),(135,'Total Bases',28,10,1,10),(136,'Triples',29,10,1,10),(137,'Fly Outs (Air)',30,10,1,11),(138,'Walks (Bases on Balls)',31,10,1,11),(139,'Batters Facing Pitcher',32,10,1,11),(140,'Balks',33,10,1,11),(141,'Combined Shutout',34,10,1,11),(142,'Complete Games',35,10,1,11),(143,'Complete Game Losses',36,10,1,11),(144,'Earned Runs',37,10,1,11),(145,'Earned Run Average',38,10,1,11),(146,'Games Finished',39,10,1,11),(147,'Ground Outs',40,10,1,11),(148,'Ground Outs / Fly Outs Ratio',41,10,1,11),(149,'Games Played',42,10,1,11),(150,'Games Started',43,10,1,11),(151,'Hits',44,10,1,11),(152,'Hit Batters',45,10,1,11),(153,'Home Runs',46,10,1,11),(154,'Intentional Walks',47,10,1,11),(155,'Innings Pitched',48,10,1,11),(156,'Inherited Runs Allowed',49,10,1,11),(157,'Innings Per Start',50,10,1,11),(158,'Losses',51,10,1,11),(159,'Baserunners Per 9 Innings',52,10,1,11),(160,'Opponents\' Batting Average',53,10,1,11),(161,'Plate Appearances',54,10,1,11),(162,'Runs',55,10,1,11),(163,'Relief Failures',56,10,1,11),(164,'Relief Wins',57,10,1,11),(165,'Shutouts',58,10,1,11),(166,'Strikeouts',59,10,1,11),(167,'Saves',60,10,1,11),(168,'Save Opportunities',61,10,1,11),(169,'Total Bases',62,10,1,11),(170,'Wins',63,10,1,11),(171,'Wild Pitches',64,10,1,11),(172,'Assists',65,10,1,12),(173,'Caught Stealing',66,10,1,12),(174,'Double Plays',67,10,1,12),(175,'Errors',68,10,1,12),(176,'Games Played',69,10,1,12),(177,'Outfield Assists',70,10,1,12),(178,'Passed Balls',71,10,1,12),(179,'Pickoffs',72,10,1,12),(180,'Putouts',73,10,1,12),(181,'Stolen Bases',74,10,1,12),(182,'Total Chances',75,10,1,12),(183,'Triple Plays',76,10,1,12),(184,'Kills',1,11,1,13),(185,'Attack Errors',2,11,1,13),(186,'Total Attacks',3,11,1,13),(187,'Attack Pct',4,11,1,13),(188,'Assists',5,11,1,13),(189,'Sservice Aces',6,11,1,13),(190,'Service Errors',7,11,1,13),(191,'Reception Errors',8,11,1,13),(192,'Digs',9,11,1,13),(193,'Solo Blocks',10,11,1,13),(194,'Assisted Blocks',11,11,1,13),(195,'Block Errors',12,11,1,13),(196,'Ball Handling Errors',13,11,1,13),(197,'Kills',1,28,1,34),(198,'Attack Errors',2,28,1,34),(199,'Total Attacks',3,28,1,34),(200,'Attack Pct',4,28,1,34),(201,'Assists',5,28,1,34),(202,'Service Aces',6,28,1,34),(203,'Service Errors',7,28,1,34),(204,'Reception Errors',8,28,1,34),(205,'Digs',9,28,1,34),(206,'Solo Blocks',10,28,1,34),(207,'Assisted Blocks',11,28,1,34),(208,'Block Errors',12,28,1,34),(209,'Ball Handling Errors',13,28,1,34),(210,'50 Freestyle',1,12,1,14),(211,'100 Freestyle',2,12,1,14),(212,'200 Freestyle',3,12,1,14),(213,'500 Freestyle',4,12,1,14),(214,'1650 Freestyle',5,12,1,14),(215,'100 Butterfly',6,12,1,14),(216,'200 Backstroke',7,12,1,14),(217,'100 Breaststroke',8,12,1,14),(218,'200 Breaststroke',9,12,1,14),(219,'200 Ind Medley',10,12,1,14),(220,'400 Ind Medley',11,12,1,14),(221,'1 Meter Diving',12,12,1,14),(222,'3 Meter Diving',13,12,1,14),(223,'200 Free Relay',14,12,1,14),(224,'400 Free Relay',15,12,1,14),(225,'800 Free Relay',16,12,1,14),(226,'200 Medly Relay',17,12,1,14),(227,'400 Medley Relay',18,12,1,14),(228,'50 Freestyle',1,13,1,15),(229,'100 Freestyle',2,13,1,15),(230,'200 Freestyle',3,13,1,15),(231,'500 Freestyle',4,13,1,15),(232,'1650 Freestyle',5,13,1,15),(233,'100 Butterfly',6,13,1,15),(234,'200 Backstroke',7,13,1,15),(235,'100 Breaststroke',8,13,1,15),(236,'200 Breaststroke',9,13,1,15),(237,'200 Ind Medley',10,13,1,15),(238,'400 Ind Medley',11,13,1,15),(239,'1 Meter Diving',12,13,1,15),(240,'3 Meter Diving',13,13,1,15),(241,'200 Free Relay',14,13,1,15),(242,'400 Free Relay',15,13,1,15),(243,'800 Free Relay',16,13,1,15),(244,'200 Medly Relay',17,13,1,15),(245,'400 Medley Relay',18,13,1,15),(246,'Rounds',1,14,1,16),(247,'Strokes',2,14,1,16),(248,'Average',3,14,1,16),(249,'Low',4,14,1,16),(250,'Quaterback Rating',1,7,1,17),(251,'Attempts',2,7,1,17),(252,'Complete',3,7,1,17),(253,'Pct',4,7,1,17),(254,'Yards',5,7,1,17),(255,'YardsPerGame',6,7,1,17),(256,'Y/A',7,7,1,17),(257,'TD',8,7,1,17),(258,'Int',9,7,1,17),(259,'Sack',10,7,1,17),(260,'Tsdl',11,7,1,17),(261,'Rush',12,7,1,18),(262,'Yards',13,7,1,18),(263,'YardsPerGame',14,7,1,18),(264,'Avg',15,7,1,18),(265,'Touchdowns',16,7,1,18),(266,'Rec',17,7,1,19),(267,'Yards',18,7,1,19),(268,'YardsPerGame',19,7,1,19),(269,'Avg',20,7,1,19),(270,'Lng',21,7,1,19),(271,'Touchdowns',22,7,1,19),(272,'Kickoffs Received',23,7,1,20),(273,'Yards',24,7,1,20),(274,'Avg',25,7,1,20),(275,'Long',26,7,1,20),(276,'Punts Received',27,7,1,20),(277,'Yards',28,7,1,20),(278,'Avg',29,7,1,20),(279,'Long',30,7,1,20),(280,'Punt',31,7,1,21),(281,'YardsPerGame',32,7,1,21),(282,'Avg',33,7,1,21),(283,'Long',34,7,1,21),(284,'Interceptions',35,7,1,22),(285,'Sacks',36,7,1,22),(286,'Pick 6',37,7,1,22),(287,'Goals',1,17,1,23),(288,'Assists',2,17,1,23),(289,'Points',3,17,1,23),(290,'Penalty Minutes',4,17,1,23),(291,'Power play Goals',5,17,1,23),(292,'Shot-handed Goals',6,17,1,23),(293,'Game-winning goals',7,17,1,23),(294,'Shots on Goal',8,17,1,23),(295,'Shooting Pct',9,17,1,23),(296,'Even Stregnth Pts',10,17,1,23),(297,'Power Play Pts',11,17,1,23),(298,'Home Ice Pts',12,17,1,23),(299,'Road Pts',13,17,1,23),(300,'Division Pts',14,17,1,23),(301,'PtsPerGame',15,17,1,23),(302,'ShiftsPerGame',16,17,1,23),(303,'Faceoffs Lost',17,17,1,23),(304,'Paceoff Won',18,17,1,23),(305,'Faceoffs Won Pct',19,17,1,23),(306,'Shutouts',20,17,1,24),(307,'Saves',21,17,1,24),(308,'Shots Against',22,17,1,24),(309,'Goals Against',23,17,1,24),(310,'Ties',24,17,1,24),(311,'Wins',25,17,1,24),(312,'Losses',26,17,1,24),(313,'Overtime Losses',27,17,1,24),(314,'Save Pct',28,17,1,24),(315,'Goals Against Pct',29,17,1,24),(316,'Individual',1,15,1,25),(317,'Singles Wins',2,15,1,25),(318,'Singles Losses',3,15,1,25),(319,'Doubles Wins',4,15,1,25),(320,'Doubles Losses',5,15,1,25),(321,'Individual',1,16,1,26),(322,'Singles Wins',2,16,1,26),(323,'Singles Losses',3,16,1,26),(324,'Doubles Wins',4,16,1,26),(325,'Doubles Losses',5,16,1,26),(326,'Individual',1,18,1,27),(327,'60 m',2,18,1,27),(328,'100 m',3,18,1,27),(329,'200 m',4,18,1,27),(330,'400 m',5,18,1,27),(331,'800 m',6,18,1,27),(332,'60 m hurdles',7,18,1,27),(333,'400 m hurdles',8,18,1,27),(334,'3000 m hurdles',9,18,1,27),(335,'1500 m',10,18,1,27),(336,'3000 m',11,18,1,27),(337,'5000 m',12,18,1,27),(338,'10000 m',13,18,1,27),(339,'4x100 m relay',14,18,1,27),(340,'4x400 relay',15,18,1,27),(341,'long jump',16,18,1,27),(342,'triple jump',17,18,1,27),(343,'high jump',18,18,1,27),(344,'pole vault',19,18,1,27),(345,'shot put',20,18,1,27),(346,'discus throw',21,18,1,27),(347,'hammer throw',22,18,1,27),(348,'javelin throw',23,18,1,27),(349,'pentathlon',24,18,1,27),(350,'heptathlon',25,18,1,27),(351,'decathalon',26,18,1,27),(352,'Individual',1,19,1,28),(353,'60 m',2,19,1,28),(354,'100 m',3,19,1,28),(355,'200 m',4,19,1,28),(356,'400 m',5,19,1,28),(357,'800 m',6,19,1,28),(358,'60 m hurdles',7,19,1,28),(359,'400 m hurdles',8,19,1,28),(360,'3000 m hurdles',9,19,1,28),(361,'1500 m',10,19,1,28),(362,'3000 m',11,19,1,28),(363,'5000 m',12,19,1,28),(364,'10000 m',13,19,1,28),(365,'4x100 m relay',14,19,1,28),(366,'4x400 relay',15,19,1,28),(367,'long jump',16,19,1,28),(368,'triple jump',17,19,1,28),(369,'high jump',18,19,1,28),(370,'pole vault',19,19,1,28),(371,'shot put',20,19,1,28),(372,'discus throw',21,19,1,28),(373,'hammer throw',22,19,1,28),(374,'javelin throw',23,19,1,28),(375,'pentathlon',24,19,1,28),(376,'heptathlon',25,19,1,28),(377,'decathalon',26,19,1,28),(378,'Individual',1,20,1,29),(379,'4K',2,20,1,29),(380,'5K',3,20,1,29),(381,'6K',4,20,1,29),(382,'8K',5,20,1,29),(383,'10K',6,20,1,29),(384,'Individual',1,21,1,30),(385,'4K',2,21,1,30),(386,'5K',3,21,1,30),(387,'6K',4,21,1,30),(388,'8K',5,21,1,30),(389,'10K',6,21,1,30),(390,'GP - Game Played',1,22,1,31),(391,'GS - Game Started',2,22,1,31),(392,'G - Goals',3,22,1,31),(393,'A - Assists',4,22,1,31),(394,'PTS - Points',5,22,1,31),(395,'SH - Shots',6,22,1,31),(396,'SHOT% - Shot Percentage',7,22,1,31),(397,'SOG - Shots On Goal',8,22,1,31),(398,'SOG% - Shot On Goal Percentage',9,22,1,31),(399,'GW - Goals-Game Winning',10,22,1,31),(400,'UP - Goals-Man-Up',11,22,1,31),(401,'DN - Goals-Man-Down',12,22,1,31),(402,'GB - Ground Balls',13,22,1,31),(403,'FOW - Faceoffs Won',14,22,1,31),(404,'FOT - Faceoffs Total',15,22,1,31),(405,'PCT - FaceOff Percentage',16,22,1,31),(406,'PEN - Penalities',17,22,1,31),(407,'MIN - Penalty Minutes',18,22,1,31),(408,'Goalie',19,22,1,31),(409,'GP - Game Played',20,22,1,31),(410,'GS - Game Started',21,22,1,31),(411,'MIN - Minutes Played',22,22,1,31),(412,'GA - Goals Against',23,22,1,31),(413,'GAAVG - Goals Against Average',24,22,1,31),(414,'SAV - Saves',25,22,1,31),(415,'PCT - Save Pct',26,22,1,31),(416,'W - Wins',27,22,1,31),(417,'L - Losses',28,22,1,31),(418,'T - Ties',29,22,1,31),(419,'GP - Game Played',1,23,1,32),(420,'GS - Game Started',2,23,1,32),(421,'G - Goals',3,23,1,32),(422,'A - Assists',4,23,1,32),(423,'PTS - Points',5,23,1,32),(424,'SH - Shots',6,23,1,32),(425,'SHOT% - Shot Percentage',7,23,1,32),(426,'SOG - Shots On Goal',8,23,1,32),(427,'SOG% - Shot On Goal Percentage',9,23,1,32),(428,'GW - Goals-Game Winning',10,23,1,32),(429,'UP - Goals-Man-Up',11,23,1,32),(430,'DN - Goals-Man-Down',12,23,1,32),(431,'GB - Ground Balls',13,23,1,32),(432,'FOW - Faceoffs Won',14,23,1,32),(433,'FOT - Faceoffs Total',15,23,1,32),(434,'PCT - FaceOff Percentage',16,23,1,32),(435,'PEN - Penalities',17,23,1,32),(436,'MIN - Penalty Minutes',18,23,1,32),(437,'Goalie',19,23,1,32),(438,'GP - Game Played',20,23,1,32),(439,'GS - Game Started',21,23,1,32),(440,'MIN - Minutes Played',22,23,1,32),(441,'GA - Goals Against',23,23,1,32),(442,'GAAVG - Goals Against Average',24,23,1,32),(443,'SAV - Saves',25,23,1,32),(444,'PCT - Save Pct',26,23,1,32),(445,'W - Wins',27,23,1,32),(446,'L - Losses',28,23,1,32),(447,'T - Ties',29,23,1,32),(448,'Vault',1,24,1,33),(449,'Bars',2,24,1,33),(450,'Beam',3,24,1,33),(451,'Floor',4,24,1,33),(452,'All Arround',5,24,1,33);
/*!40000 ALTER TABLE `stats` ENABLE KEYS */;
UNLOCK TABLES;

--
-- Table structure for table `ads`
--

DROP TABLE IF EXISTS `ads`;
/*!40101 SET @saved_cs_client     = @@character_set_client */;
/*!40101 SET character_set_client = utf8 */;
CREATE TABLE `ads` (
  `id` int(10) unsigned NOT NULL AUTO_INCREMENT,
  `title` varchar(128) DEFAULT NULL,
  `start_date` int(11) NOT NULL,
  `end_date` int(11) NOT NULL,
  `active` tinyint(1) DEFAULT NULL,
  `url` text,
  `target_location` varchar(20) DEFAULT NULL,
  `target_year` smallint(6) DEFAULT NULL,
  `ad_format_id` tinyint(3) unsigned NOT NULL,
  PRIMARY KEY (`id`),
  KEY `tbl_ads_tbl_ad_formats` (`ad_format_id`),
  CONSTRAINT `tbl_ads_tbl_ad_formats` FOREIGN KEY (`ad_format_id`) REFERENCES `ad_formats` (`id`) ON DELETE NO ACTION ON UPDATE NO ACTION
) ENGINE=InnoDB DEFAULT CHARSET=latin1;
/*!40101 SET character_set_client = @saved_cs_client */;

--
-- Dumping data for table `ads`
--

LOCK TABLES `ads` WRITE;
/*!40000 ALTER TABLE `ads` DISABLE KEYS */;
/*!40000 ALTER TABLE `ads` ENABLE KEYS */;
UNLOCK TABLES;

--
-- Table structure for table `ad_sports`
--

DROP TABLE IF EXISTS `ad_sports`;
/*!40101 SET @saved_cs_client     = @@character_set_client */;
/*!40101 SET character_set_client = utf8 */;
CREATE TABLE `ad_sports` (
  `ad_id` int(10) unsigned NOT NULL,
  `sport_id` tinyint(3) unsigned NOT NULL,
  PRIMARY KEY (`ad_id`,`sport_id`),
  KEY `fk_as_ad_id` (`ad_id`),
  KEY `fk_as_sport_id` (`sport_id`),
  CONSTRAINT `fk_as_ad_id` FOREIGN KEY (`ad_id`) REFERENCES `ads` (`id`) ON DELETE NO ACTION ON UPDATE NO ACTION,
  CONSTRAINT `fk_as_sport_id` FOREIGN KEY (`sport_id`) REFERENCES `sports` (`id`) ON DELETE NO ACTION ON UPDATE NO ACTION
) ENGINE=InnoDB DEFAULT CHARSET=latin1;
/*!40101 SET character_set_client = @saved_cs_client */;

--
-- Dumping data for table `ad_sports`
--

LOCK TABLES `ad_sports` WRITE;
/*!40000 ALTER TABLE `ad_sports` DISABLE KEYS */;
/*!40000 ALTER TABLE `ad_sports` ENABLE KEYS */;
UNLOCK TABLES;

--
-- Table structure for table `user_sports`
--

DROP TABLE IF EXISTS `user_sports`;
/*!40101 SET @saved_cs_client     = @@character_set_client */;
/*!40101 SET character_set_client = utf8 */;
CREATE TABLE `user_sports` (
  `user_id` int(10) unsigned NOT NULL,
  `sport_id` tinyint(3) unsigned NOT NULL,
  PRIMARY KEY (`user_id`,`sport_id`),
  KEY `fk_us_user_id` (`user_id`) USING BTREE,
  KEY `fk_us_sport_id` (`sport_id`),
  CONSTRAINT `fk_us_user_id` FOREIGN KEY (`user_id`) REFERENCES `users` (`id`) ON DELETE NO ACTION ON UPDATE NO ACTION,
  CONSTRAINT `fk_us_sport_id` FOREIGN KEY (`sport_id`) REFERENCES `sports` (`id`) ON DELETE NO ACTION ON UPDATE NO ACTION
) ENGINE=InnoDB DEFAULT CHARSET=latin1;
/*!40101 SET character_set_client = @saved_cs_client */;

--
-- Dumping data for table `user_sports`
--

LOCK TABLES `user_sports` WRITE;
/*!40000 ALTER TABLE `user_sports` DISABLE KEYS */;
INSERT INTO `user_sports` VALUES (1,26),(2,26),(3,26),(4,26),(5,26),(6,26),(7,26);
/*!40000 ALTER TABLE `user_sports` ENABLE KEYS */;
UNLOCK TABLES;

--
-- Table structure for table `sports`
--

DROP TABLE IF EXISTS `sports`;
/*!40101 SET @saved_cs_client     = @@character_set_client */;
/*!40101 SET character_set_client = utf8 */;
CREATE TABLE `sports` (
  `id` tinyint(3) unsigned NOT NULL AUTO_INCREMENT,
  `name` varchar(64) DEFAULT NULL,
  `active` tinyint(1) DEFAULT NULL,
  PRIMARY KEY (`id`)
) ENGINE=InnoDB AUTO_INCREMENT=29 DEFAULT CHARSET=latin1;
/*!40101 SET character_set_client = @saved_cs_client */;

--
-- Dumping data for table `sports`
--

LOCK TABLES `sports` WRITE;
/*!40000 ALTER TABLE `sports` DISABLE KEYS */;
INSERT INTO `sports` VALUES (7,'Football',1),(8,'Women\'s Soccer',1),(9,'Men\'s Soccer',1),(10,'Fastpitch Softball',1),(11,'Men\'s Volleyball',1),(12,'Women\'s Swimming/Diving',1),(13,'Men\'s Swimming/Diving',1),(14,'Golf',1),(15,'Women\'s Tennis',1),(16,'Men\'s Tennis',1),(17,'Hockey',1),(18,'Women\'s Track & Field',1),(19,'Men\'s Track & Field',1),(20,'Women\'s Cross Country',1),(21,'Men\'s Cross Country',1),(22,'Men\'s Lacrosse',1),(23,'Women\'s Lacrosse',1),(24,'Gymnastics',1),(25,'Women\'s Basketball',1),(26,'Men\'s Basketball',1),(27,'Baseball',1),(28,'Women\'s Volleyball',1);
/*!40000 ALTER TABLE `sports` ENABLE KEYS */;
UNLOCK TABLES;

--
-- Table structure for table `players`
--

DROP TABLE IF EXISTS `players`;
/*!40101 SET @saved_cs_client     = @@character_set_client */;
/*!40101 SET character_set_client = utf8 */;
CREATE TABLE `players` (
  `id` int(10) unsigned NOT NULL AUTO_INCREMENT,
  `number` tinyint(4) DEFAULT NULL,
  `height` int(3) DEFAULT NULL,
  `grade_level` varchar(20) DEFAULT NULL,
  `video_access` tinyint(4) DEFAULT NULL,
  `position` varchar(45) DEFAULT NULL,
  `weight` smallint(5) unsigned DEFAULT NULL,
  `coach_name` varchar(45) DEFAULT NULL,
  `graduation_month` tinyint(3) unsigned DEFAULT NULL,
  `graduation_year` tinyint(3) unsigned DEFAULT NULL,
  `user_id` int(10) unsigned NOT NULL,
  `school_id` int(10) unsigned DEFAULT NULL,
  `sport_id` tinyint(3) unsigned NOT NULL,
  PRIMARY KEY (`id`),
  KEY `fk_pu_user_id` (`user_id`),
  KEY `fk_ps_school_id` (`school_id`),
  KEY `fk_p_sport_id` (`sport_id`),
  CONSTRAINT `fk_pu_user_id` FOREIGN KEY (`user_id`) REFERENCES `users` (`id`) ON DELETE NO ACTION ON UPDATE NO ACTION,
  CONSTRAINT `fk_ps_school_id` FOREIGN KEY (`school_id`) REFERENCES `schools` (`id`) ON DELETE NO ACTION ON UPDATE NO ACTION,
  CONSTRAINT `fk_p_sport_id` FOREIGN KEY (`sport_id`) REFERENCES `sports` (`id`) ON DELETE NO ACTION ON UPDATE NO ACTION
) ENGINE=InnoDB AUTO_INCREMENT=19 DEFAULT CHARSET=latin1;
/*!40101 SET character_set_client = @saved_cs_client */;

--
-- Dumping data for table `players`
--

LOCK TABLES `players` WRITE;
/*!40000 ALTER TABLE `players` DISABLE KEYS */;
INSERT INTO `players` VALUES (1,23,78,'12',1,'PG',NULL,NULL,NULL,NULL,1,1,0),(2,33,80,'11',1,'SF',NULL,NULL,NULL,NULL,2,3,0);
/*!40000 ALTER TABLE `players` ENABLE KEYS */;
UNLOCK TABLES;

--
-- Table structure for table `scouts`
--

DROP TABLE IF EXISTS `scouts`;
/*!40101 SET @saved_cs_client     = @@character_set_client */;
/*!40101 SET character_set_client = utf8 */;
CREATE TABLE `scouts` (
  `id` int(10) unsigned NOT NULL AUTO_INCREMENT,
  `organization` varchar(50) DEFAULT NULL,
  `title` varchar(50) DEFAULT NULL,
  `recruiting_level` tinyint(3) unsigned DEFAULT NULL,
  `user_id` int(10) unsigned NOT NULL,
  PRIMARY KEY (`id`),
  KEY `fk_su_user_id` (`user_id`),
  CONSTRAINT `fk_su_user_id` FOREIGN KEY (`user_id`) REFERENCES `users` (`id`) ON DELETE NO ACTION ON UPDATE NO ACTION
) ENGINE=InnoDB AUTO_INCREMENT=2 DEFAULT CHARSET=latin1;
/*!40101 SET character_set_client = @saved_cs_client */;

--
-- Dumping data for table `scouts`
--

LOCK TABLES `scouts` WRITE;
/*!40000 ALTER TABLE `scouts` DISABLE KEYS */;
INSERT INTO `scouts` VALUES (1,'Scouts R Us','Head Scout',2,7);
/*!40000 ALTER TABLE `scouts` ENABLE KEYS */;
UNLOCK TABLES;

--
-- Table structure for table `opt_ins`
--

DROP TABLE IF EXISTS `opt_ins`;
/*!40101 SET @saved_cs_client     = @@character_set_client */;
/*!40101 SET character_set_client = utf8 */;
CREATE TABLE `opt_ins` (
  `id` tinyint(3) unsigned NOT NULL AUTO_INCREMENT,
  `name` varchar(50) DEFAULT NULL,
  `description` varchar(255) DEFAULT NULL,
  PRIMARY KEY (`id`)
) ENGINE=InnoDB AUTO_INCREMENT=4 DEFAULT CHARSET=latin1 COMMENT='Contains list of opt-ins that a user must choose to participate in.  This list may grow in the future.';
/*!40101 SET character_set_client = @saved_cs_client */;

--
-- Dumping data for table `opt_ins`
--

LOCK TABLES `opt_ins` WRITE;
/*!40000 ALTER TABLE `opt_ins` DISABLE KEYS */;
INSERT INTO `opt_ins` VALUES (1,'recos','Send me recommendations about how to use TapePlay.'),(2,'relevant_ads','Use my account info for relevant advertising.'),(3,'import_fb','Allow TapePlay to import my Facebook info.');
/*!40000 ALTER TABLE `opt_ins` ENABLE KEYS */;
UNLOCK TABLES;

--
-- Table structure for table `stat_validations`
--

DROP TABLE IF EXISTS `stat_validations`;
/*!40101 SET @saved_cs_client     = @@character_set_client */;
/*!40101 SET character_set_client = utf8 */;
CREATE TABLE `stat_validations` (
  `id` tinyint(3) unsigned NOT NULL AUTO_INCREMENT,
  `name` varchar(64) DEFAULT NULL,
  `regex` varchar(255) DEFAULT NULL,
  PRIMARY KEY (`id`)
) ENGINE=InnoDB AUTO_INCREMENT=2 DEFAULT CHARSET=latin1;
/*!40101 SET character_set_client = @saved_cs_client */;

--
-- Dumping data for table `stat_validations`
--

LOCK TABLES `stat_validations` WRITE;
/*!40000 ALTER TABLE `stat_validations` DISABLE KEYS */;
INSERT INTO `stat_validations` VALUES (1,'String','^?');
/*!40000 ALTER TABLE `stat_validations` ENABLE KEYS */;
UNLOCK TABLES;

--
-- Table structure for table `user_opt_ins`
--

DROP TABLE IF EXISTS `user_opt_ins`;
/*!40101 SET @saved_cs_client     = @@character_set_client */;
/*!40101 SET character_set_client = utf8 */;
CREATE TABLE `user_opt_ins` (
  `opt_in_id` tinyint(3) unsigned NOT NULL,
  `user_id` int(10) unsigned NOT NULL,
  PRIMARY KEY (`opt_in_id`,`user_id`),
  KEY `fk_uo_opt_in_id` (`opt_in_id`),
  KEY `fk_uo_user_id` (`user_id`),
  CONSTRAINT `fk_uo_opt_in_id` FOREIGN KEY (`opt_in_id`) REFERENCES `opt_ins` (`id`) ON DELETE NO ACTION ON UPDATE NO ACTION,
  CONSTRAINT `fk_uo_user_id` FOREIGN KEY (`user_id`) REFERENCES `users` (`id`) ON DELETE NO ACTION ON UPDATE NO ACTION
) ENGINE=InnoDB DEFAULT CHARSET=latin1;
/*!40101 SET character_set_client = @saved_cs_client */;

--
-- Dumping data for table `user_opt_ins`
--

LOCK TABLES `user_opt_ins` WRITE;
/*!40000 ALTER TABLE `user_opt_ins` DISABLE KEYS */;
INSERT INTO `user_opt_ins` VALUES (1,1),(1,2),(1,3),(1,4),(1,5),(1,6),(1,7),(2,1),(2,2),(2,3),(2,4),(2,5),(2,6),(2,7),(3,1),(3,2),(3,3),(3,4),(3,5),(3,6),(3,7);
/*!40000 ALTER TABLE `user_opt_ins` ENABLE KEYS */;
UNLOCK TABLES;

--
-- Table structure for table `ads_account_type`
--

DROP TABLE IF EXISTS `ads_account_type`;
/*!40101 SET @saved_cs_client     = @@character_set_client */;
/*!40101 SET character_set_client = utf8 */;
CREATE TABLE `ads_account_type` (
  `id` int(10) unsigned NOT NULL,
  `account_type` tinyint(3) unsigned NOT NULL,
  PRIMARY KEY (`id`,`account_type`),
  KEY `fk_tbl_ads_account_types_tbl_ads` (`id`),
  CONSTRAINT `fk_tbl_ads_account_types_tbl_ads` FOREIGN KEY (`id`) REFERENCES `ads` (`id`) ON DELETE NO ACTION ON UPDATE NO ACTION
) ENGINE=InnoDB DEFAULT CHARSET=latin1;
/*!40101 SET character_set_client = @saved_cs_client */;

--
-- Dumping data for table `ads_account_type`
--

LOCK TABLES `ads_account_type` WRITE;
/*!40000 ALTER TABLE `ads_account_type` DISABLE KEYS */;
/*!40000 ALTER TABLE `ads_account_type` ENABLE KEYS */;
UNLOCK TABLES;
/*!40103 SET TIME_ZONE=@OLD_TIME_ZONE */;

/*!40101 SET SQL_MODE=@OLD_SQL_MODE */;
/*!40014 SET FOREIGN_KEY_CHECKS=@OLD_FOREIGN_KEY_CHECKS */;
/*!40014 SET UNIQUE_CHECKS=@OLD_UNIQUE_CHECKS */;
/*!40101 SET CHARACTER_SET_CLIENT=@OLD_CHARACTER_SET_CLIENT */;
/*!40101 SET CHARACTER_SET_RESULTS=@OLD_CHARACTER_SET_RESULTS */;
/*!40101 SET COLLATION_CONNECTION=@OLD_COLLATION_CONNECTION */;
/*!40111 SET SQL_NOTES=@OLD_SQL_NOTES */;

-- Dump completed on 2012-07-09 17:00:47
